review,rating,date,bank,source
Best of all,5,2025-06-26,Commercial Bank of Ethiopia,Google Play Store
excellent services,5,2025-06-26,Commercial Bank of Ethiopia,Google Play Store
"I'll give 5 stars when the app has the function to see more than just a couple of transactions. Right now, you can not even go back one month and see prior transaction. That is a standard banking function that also CBE should have. Because of that only 1 Start.",1,2025-06-25,Commercial Bank of Ethiopia,Google Play Store
good,5,2025-06-25,Commercial Bank of Ethiopia,Google Play Store
best of all,5,2025-06-25,Commercial Bank of Ethiopia,Google Play Store
"The most unreliable banking app i ever used, the transactions are stuck halfway and i can't access my money then when you call the call center they ask that you wait 3-5 business days before they return the money what is the point off having a banking app if the transactions are unreliable and incomplete I'd rate less if i could.",1,2025-06-25,Commercial Bank of Ethiopia,Google Play Store
for no reason my money is gone because the system keeps tell me failed than I tried to many times were my money is nowhere to be gone when I checked my balance I realise the money is gone,1,2025-06-25,Commercial Bank of Ethiopia,Google Play Store
Although the UI is simple and easy to use. That does not mean anything if information is not consistent throughout the app and most services are down most of the time.,1,2025-06-24,Commercial Bank of Ethiopia,Google Play Store
we would appreciate it if the app can allow to take screensshot.,4,2025-06-24,Commercial Bank of Ethiopia,Google Play Store
Easy to use and clear.,5,2025-06-24,Commercial Bank of Ethiopia,Google Play Store
Easy to use,4,2025-06-23,Commercial Bank of Ethiopia,Google Play Store
Very nice app,5,2025-06-23,Commercial Bank of Ethiopia,Google Play Store
Excellence,5,2025-06-23,Commercial Bank of Ethiopia,Google Play Store
the best üëå,5,2025-06-23,Commercial Bank of Ethiopia,Google Play Store
super üåü start,5,2025-06-22,Commercial Bank of Ethiopia,Google Play Store
my Ethiopia,5,2025-06-21,Commercial Bank of Ethiopia,Google Play Store
üò≤,5,2025-06-21,Commercial Bank of Ethiopia,Google Play Store
It is so god,5,2025-06-21,Commercial Bank of Ethiopia,Google Play Store
it's my life,5,2025-06-21,Commercial Bank of Ethiopia,Google Play Store
üëç,3,2025-06-20,Commercial Bank of Ethiopia,Google Play Store
good app,5,2025-06-20,Commercial Bank of Ethiopia,Google Play Store
My special app and my proud bank of ETHIOPIA. nice to meet you my bank,5,2025-06-19,Commercial Bank of Ethiopia,Google Play Store
great app,5,2025-06-19,Commercial Bank of Ethiopia,Google Play Store
SUFaa milikesaa,5,2025-06-19,Commercial Bank of Ethiopia,Google Play Store
"Am not able to make screenshot,",1,2025-06-18,Commercial Bank of Ethiopia,Google Play Store
"Verily, it was very superior competitive to well known apps nowadays functioning in broader to its customers by simplest features that is Telebirr super app, Thus, CBE is my top ultimate choose that optimistically truly relaying to it, as far as concerned I am proudest when rating this by points, as a result of CBE service provisions via ethical principles and practices to customers satisfaction with texistence of constraints and challenges facing from burglary and froudalent hacker. Thank you !",5,2025-06-18,Commercial Bank of Ethiopia,Google Play Store
thank you,5,2025-06-17,Commercial Bank of Ethiopia,Google Play Store
ok,5,2025-06-17,Commercial Bank of Ethiopia,Google Play Store
setting ·àã·ã≠ mini statment ·â•·â≥·ãò·åã·åÅ·àà·âµ ·â¥·àå·â•·à≠ app ·àã·ã≠ ·ä†·àà ·ã®·â•·ãô ·âÄ·äï transaction ·ä†·ã´·à≥·ã≠·àù ·ã®·äì·äï·â∞ ·ç¢ tnx,4,2025-06-17,Commercial Bank of Ethiopia,Google Play Store
Is too good,5,2025-06-17,Commercial Bank of Ethiopia,Google Play Store
·à∞·àã·àù ·ã®·àù·äñ·à®·ãç ·ãç·å≠ ·àÄ·åà·à≠ ·äê·ãç ·ã®·äï·åç·ãµ ·â£·äï·ä≠ ·ä†·ä´·ãç·äï·âµ ·ä†·àà·äù ·ä•·äï·ã¥·âµ ·àã·äï·âÄ·à≥·âÖ·à∞·ãç,5,2025-06-16,Commercial Bank of Ethiopia,Google Play Store
·ã≠·àÖ·äï ·â£·äï·ä≠ ·àò·å†·âÄ·àù ·ã´·àµ·å†·àã·äõ·àç ·åà·äï·ãò·â§·äï ·ã∞·åã·åç·àò·ãç ·ã´·ãô·äù ·â•·ã¨ ·ä†·àµ·â£·àà·àÅ ·ã≠·àÖ·àù ·â∞·àµ·çã ·ä†·àµ·âÜ·à´·å≠ ·àµ·à≠·âÜ·âµ ·ä†·àµ·àò·àµ·àé ·àò·å£ ·àõ·àà·âµ ·â†·à≥·àù·äï·âµ ·à∂·àµ·âµ ·åä·ãú ·åà·äï·ãò·â§·äï ·à∞·à®·âÅ·äù ·àõ·àà·âµ ·ã≠·å†·ã®·âÖ·àç·äù,5,2025-06-16,Commercial Bank of Ethiopia,Google Play Store
"it makes my life easy, and I feel like it deserves a 4-star.",4,2025-06-16,Commercial Bank of Ethiopia,Google Play Store
I'm commenting with another email again. It must prevent login for two step verification key without your real fingerprint. First I told you to add biometric security on this platform. Then you added it. perhaps it is not different from login password still. no number or any other characters to open two step verification key. The best way to protect our wallet which is invisible to anyone is only fingerprint. password can be cheated. login for two step verification should be only fingerprint.,3,2025-06-16,Commercial Bank of Ethiopia,Google Play Store
It's best app but Please add(included) water bill payment ?,4,2025-06-16,Commercial Bank of Ethiopia,Google Play Store
the system works even from wherever I am abroad CBE‚òÜ‚òÜ‚òÜ‚òÜ‚òÜ,5,2025-06-15,Commercial Bank of Ethiopia,Google Play Store
very nice to use this app,5,2025-06-14,Commercial Bank of Ethiopia,Google Play Store
good üëç,4,2025-06-14,Commercial Bank of Ethiopia,Google Play Store
Good service and have lightly internet accessed,3,2025-06-14,Commercial Bank of Ethiopia,Google Play Store
the best mobile banking ever in Ethiopia,5,2025-06-13,Commercial Bank of Ethiopia,Google Play Store
waw,5,2025-06-13,Commercial Bank of Ethiopia,Google Play Store
good app fast,5,2025-06-13,Commercial Bank of Ethiopia,Google Play Store
very good work cbe team well developed,5,2025-06-13,Commercial Bank of Ethiopia,Google Play Store
Excellent and easy to access and uptodate.,5,2025-06-13,Commercial Bank of Ethiopia,Google Play Store
Nice,5,2025-06-12,Commercial Bank of Ethiopia,Google Play Store
Best mobile banking app in Ethiopian banking industry. Keep up CBE,5,2025-06-12,Commercial Bank of Ethiopia,Google Play Store
it's very helpful app in any way in and out of the county of Ethiopia good luck,5,2025-06-12,Commercial Bank of Ethiopia,Google Play Store
So bad now and hard to use,5,2025-06-09,Commercial Bank of Ethiopia,Google Play Store
"it is so amazing app. but, it is better to update it to access without any internet fees. just make it to open by free internet service when we open data connection.",5,2025-06-09,Commercial Bank of Ethiopia,Google Play Store
v.good app,4,2025-06-09,Commercial Bank of Ethiopia,Google Play Store
very good app,1,2025-06-09,Commercial Bank of Ethiopia,Google Play Store
Very amazing app indeed. I'm enjoying it,5,2025-06-08,Commercial Bank of Ethiopia,Google Play Store
Best,5,2025-06-08,Commercial Bank of Ethiopia,Google Play Store
A great app. It's like carrying a bank in your pocket.,4,2025-06-07,Commercial Bank of Ethiopia,Google Play Store
More than garrantty bank EBC.,4,2025-06-07,Commercial Bank of Ethiopia,Google Play Store
really am happy to this app it is Siple to use everything,5,2025-06-07,Commercial Bank of Ethiopia,Google Play Store
I liked this app. But the User interface is very basic and not attractive at all.,2,2025-06-07,Commercial Bank of Ethiopia,Google Play Store
"""Why don‚Äôt your ATMs support account-to-account transfers like other countries( Kenya, Nigeria , South africa)""",4,2025-06-06,Commercial Bank of Ethiopia,Google Play Store
what is this app problem???,1,2025-06-05,Commercial Bank of Ethiopia,Google Play Store
the app is proactive and a good connections.,5,2025-06-05,Commercial Bank of Ethiopia,Google Play Store
I cannot send to cbebirr app. through this app.,3,2025-06-05,Commercial Bank of Ethiopia,Google Play Store
not functional,1,2025-06-05,Commercial Bank of Ethiopia,Google Play Store
"everytime you uninstall the app you have to reach them out physically. very oldy! if that's one of security layer, they'd check for fraud attempt via app source directly(source:- app store, play store ... etc) implicitly ! we are in 2025, physical presence for every app install is traditional(traditionally very rare).",1,2025-06-04,Commercial Bank of Ethiopia,Google Play Store
·ä†·ä´·ãç·äï·âµ ·ã®·àù·äì·àµ·åà·â£·â†·âµ ·â¶·â≥ ·àµ·àù ·åΩ·çà·äï ·äê·ãç ·ä®·ãö·àÖ ·â†·çä·âµ ·ã®·àã·ä≠·äï·â£·â∏·ãç·äï ·ä†·ä´·ãâ·äï·â∂·âΩ ·ã®·àù·äï·çà·àç·åà·ãâ ·äê·åà·à≠ ·åç·äï ·ä†·ã≤·àµ ·ä†·ä´·ãç·äï·â∂·âΩ mr ·â•·àà·ãâ ·ã®·àö·åÄ·àù·à© ·â†·ãù·â∞·ãã·àç ·åç·äï ·ä†·çï·àç·ä¨·àΩ·äë space ·àµ·äï·åΩ·çç ·ä†·ã≠·âÄ·â†·àç·àù ·â¢·àµ·â∞·ä´·ä®·àç,4,2025-06-04,Commercial Bank of Ethiopia,Google Play Store
best,5,2025-06-04,Commercial Bank of Ethiopia,Google Play Store
Best Mobile Banking app ever,5,2025-06-04,Commercial Bank of Ethiopia,Google Play Store
it was good app but it have some issues like it doesnt give me the right amount that I have in the bank and have some issues in transferring,2,2025-06-04,Commercial Bank of Ethiopia,Google Play Store
Good,5,2025-06-04,Commercial Bank of Ethiopia,Google Play Store
üëåüëç,5,2025-06-04,Commercial Bank of Ethiopia,Google Play Store
very niec,5,2025-06-04,Commercial Bank of Ethiopia,Google Play Store
best app of finance,5,2025-06-04,Commercial Bank of Ethiopia,Google Play Store
yetemeta,1,2025-06-03,Commercial Bank of Ethiopia,Google Play Store
it is not safety,1,2025-06-03,Commercial Bank of Ethiopia,Google Play Store
NICE bank,5,2025-06-03,Commercial Bank of Ethiopia,Google Play Store
it is like a childish app make it better the worst I have ever seen,1,2025-06-02,Commercial Bank of Ethiopia,Google Play Store
"It's a problem solver application, go ahead CBE, I love so much.",5,2025-06-02,Commercial Bank of Ethiopia,Google Play Store
It's good but try to make it facilitate for your client,4,2025-06-02,Commercial Bank of Ethiopia,Google Play Store
best app,5,2025-06-01,Commercial Bank of Ethiopia,Google Play Store
Awesome bank,5,2025-06-01,Commercial Bank of Ethiopia,Google Play Store
this app has developed in a very good ways but there are some comments I need to make 1- preventing the screenshot likely not good for someone like me coz I need to make screenshot for quicker evidence. 2-it would be good if you make us to access recent transaction histories for 30 days coz we don't have to go to the Bank's in person to see old transactions or add colander category so user can easily access old transactions through colanders.,5,2025-05-31,Commercial Bank of Ethiopia,Google Play Store
Masha alla,5,2025-05-31,Commercial Bank of Ethiopia,Google Play Store
"Recently there is big problem when sending to safaricom, telebir, and even to cbebirr wallet could anybody who is responsible fix it, it's very frustrating it's been 5 days and my money hasn't been returned it takes it out of my account but doesn't send it to my mpesa update- they have just corrected it and sent me back the money but still I'm afraid now to send again",2,2025-05-31,Commercial Bank of Ethiopia,Google Play Store
better service,5,2025-05-31,Commercial Bank of Ethiopia,Google Play Store
"it,s good app and time manager üëç",5,2025-05-30,Commercial Bank of Ethiopia,Google Play Store
malkaamuu Jiidhaa Namoo,5,2025-05-30,Commercial Bank of Ethiopia,Google Play Store
lower system everything,3,2025-05-30,Commercial Bank of Ethiopia,Google Play Store
Nice!,5,2025-05-30,Commercial Bank of Ethiopia,Google Play Store
Keep it up My CBE,5,2025-05-29,Commercial Bank of Ethiopia,Google Play Store
yes good,5,2025-05-28,Commercial Bank of Ethiopia,Google Play Store
"I was using this app for the last two years with no problems. It stopped working about 3 months ago. when I tried to transfer funds it gives me error ""can't do this transaction. inactive account.""",4,2025-05-27,Commercial Bank of Ethiopia,Google Play Store
i like everything of this app,5,2025-05-27,Commercial Bank of Ethiopia,Google Play Store
ü§¨ü§¨ü§¨ü§¨ network üõú,1,2025-05-26,Commercial Bank of Ethiopia,Google Play Store
CBE is the best financial application and and very dimple to use. I would like to say thank you so much for the developer of application. I really appreciate this app.,5,2025-05-26,Commercial Bank of Ethiopia,Google Play Store
nice,5,2025-05-26,Commercial Bank of Ethiopia,Google Play Store
good job,5,2025-05-26,Commercial Bank of Ethiopia,Google Play Store
it's awesome!!,5,2025-05-25,Commercial Bank of Ethiopia,Google Play Store
thankyou every one,5,2025-05-25,Commercial Bank of Ethiopia,Google Play Store
Ronaldo üáµüáπ ü•á,5,2025-05-25,Commercial Bank of Ethiopia,Google Play Store
"this app is absolutely fantastic I love it and I enjoying to it ,let us support this foundation together .",5,2025-05-25,Commercial Bank of Ethiopia,Google Play Store
"The CBE app has been highly unreliable in recent weeks. It frequently fails to work properly on both Ethio Telecom and Safaricom networks, whether using Wi-Fi or mobile data. This week, the system was down entirely for extended periods, making it very difficult to access banking services. The app only functions intermittently, and the lack of consistency is frustrating. I hope the issues are addressed soon, and that any non-technical influences are removed from such essential services.",2,2025-05-25,Commercial Bank of Ethiopia,Google Play Store
mortuary app,5,2025-05-25,Commercial Bank of Ethiopia,Google Play Store
it is smart app but it has stoped after some period of time on my device with out any reason .,5,2025-05-25,Commercial Bank of Ethiopia,Google Play Store
amazing app I am used this app for one year,4,2025-05-24,Commercial Bank of Ethiopia,Google Play Store
i love it üòçüòò,5,2025-05-24,Commercial Bank of Ethiopia,Google Play Store
It makes life easy!üëå,5,2025-05-24,Commercial Bank of Ethiopia,Google Play Store
its not fast,1,2025-05-24,Commercial Bank of Ethiopia,Google Play Store
wow,4,2025-05-24,Commercial Bank of Ethiopia,Google Play Store
it is sooo good,5,2025-05-24,Commercial Bank of Ethiopia,Google Play Store
excellent,5,2025-05-24,Commercial Bank of Ethiopia,Google Play Store
Fantastic,5,2025-05-23,Commercial Bank of Ethiopia,Google Play Store
accessible to using,5,2025-05-23,Commercial Bank of Ethiopia,Google Play Store
I like it,4,2025-05-23,Commercial Bank of Ethiopia,Google Play Store
why you change default network?,5,2025-05-23,Commercial Bank of Ethiopia,Google Play Store
very nice üëç,5,2025-05-23,Commercial Bank of Ethiopia,Google Play Store
nice fast app,5,2025-05-23,Commercial Bank of Ethiopia,Google Play Store
how to I get my money,5,2025-05-23,Commercial Bank of Ethiopia,Google Play Store
"Very bad, can't even load they need to improve their services.",1,2025-05-22,Commercial Bank of Ethiopia,Google Play Store
"Very good app, but please make it reliable . it crashes sometimes .",4,2025-05-22,Commercial Bank of Ethiopia,Google Play Store
very busy I don't know why... I prefer 889,3,2025-05-22,Commercial Bank of Ethiopia,Google Play Store
"Sometimes it has a nasty lag for several hour fix that , the rest is üëå",4,2025-05-22,Commercial Bank of Ethiopia,Google Play Store
the most boring Mobil banking application in ethiopia.Please use alternative private banks mobile banking apps,1,2025-05-22,Commercial Bank of Ethiopia,Google Play Store
hojii bonsaadha,5,2025-05-22,Commercial Bank of Ethiopia,Google Play Store
user-friendly apps.because this app is easy.,5,2025-05-22,Commercial Bank of Ethiopia,Google Play Store
Awosome!!!,5,2025-05-22,Commercial Bank of Ethiopia,Google Play Store
"Very good app,",5,2025-05-22,Commercial Bank of Ethiopia,Google Play Store
sync problem may 22 2025 but the date stack on may 8 2025 help pls,5,2025-05-22,Commercial Bank of Ethiopia,Google Play Store
·ã≠·àÖ ·àò·â∞·åç·â†·à™·ã´ ·â†·å£·àù ·å•·à© ·äê·ãç. this app is very nice,5,2025-05-22,Commercial Bank of Ethiopia,Google Play Store
I hate this app üòí,1,2025-05-22,Commercial Bank of Ethiopia,Google Play Store
trustful,5,2025-05-22,Commercial Bank of Ethiopia,Google Play Store
I like,5,2025-05-22,Commercial Bank of Ethiopia,Google Play Store
update issue,4,2025-05-22,Commercial Bank of Ethiopia,Google Play Store
its not working over safari network,1,2025-05-22,Commercial Bank of Ethiopia,Google Play Store
oldie,1,2025-05-22,Commercial Bank of Ethiopia,Google Play Store
it doesn't work,1,2025-05-21,Commercial Bank of Ethiopia,Google Play Store
"This app is good, and we are using it well",1,2025-05-21,Commercial Bank of Ethiopia,Google Play Store
very nice üëå app for android phone,5,2025-05-21,Commercial Bank of Ethiopia,Google Play Store
Yes Yes,5,2025-05-21,Commercial Bank of Ethiopia,Google Play Store
·â†·å£·àù ·ä®·à≠·çã·çã,1,2025-05-21,Commercial Bank of Ethiopia,Google Play Store
easy to use helpful in my life,5,2025-05-21,Commercial Bank of Ethiopia,Google Play Store
the best mobile banking app,5,2025-05-21,Commercial Bank of Ethiopia,Google Play Store
"this app is very useful app,it saves time,and it is secure",4,2025-05-21,Commercial Bank of Ethiopia,Google Play Store
it's a good application üëç,5,2025-05-21,Commercial Bank of Ethiopia,Google Play Store
the screenshot and the reffresh options are so annoying that makes transaction so delaying activity !,2,2025-05-21,Commercial Bank of Ethiopia,Google Play Store
poor service,1,2025-05-21,Commercial Bank of Ethiopia,Google Play Store
amazing,5,2025-05-20,Commercial Bank of Ethiopia,Google Play Store
it is reliable and easy to use.,5,2025-05-20,Commercial Bank of Ethiopia,Google Play Store
the most annoying mobile banking app I've ever seen,1,2025-05-20,Commercial Bank of Ethiopia,Google Play Store
Cbe mobile banking,5,2025-05-20,Commercial Bank of Ethiopia,Google Play Store
"i can't make Screenshout in this app, please made modification",5,2025-05-20,Commercial Bank of Ethiopia,Google Play Store
Best app I loved it,5,2025-05-19,Commercial Bank of Ethiopia,Google Play Store
nice app,5,2025-05-19,Commercial Bank of Ethiopia,Google Play Store
Amazing applicatiom sometimes doesnt work!,5,2025-05-18,Commercial Bank of Ethiopia,Google Play Store
well satisfied with this beautiful app,5,2025-05-18,Commercial Bank of Ethiopia,Google Play Store
very good,4,2025-05-17,Commercial Bank of Ethiopia,Google Play Store
best app.,5,2025-05-17,Commercial Bank of Ethiopia,Google Play Store
"not working,why???",5,2025-05-17,Commercial Bank of Ethiopia,Google Play Store
Great impact but why Developer option turnoff if you fix üôè üôè üôè,5,2025-05-17,Commercial Bank of Ethiopia,Google Play Store
always disappointing ! especially the iOS one !! some similar local applications are extremely superior to this application!! Really disappointing!,1,2025-05-17,Commercial Bank of Ethiopia,Google Play Store
woxe harimo ribiso,5,2025-05-17,Commercial Bank of Ethiopia,Google Play Store
"Good ,easy to use",5,2025-05-16,Commercial Bank of Ethiopia,Google Play Store
Good app,5,2025-05-15,Commercial Bank of Ethiopia,Google Play Store
Good jobüëç,5,2025-05-14,Commercial Bank of Ethiopia,Google Play Store
"Please kindly ask to update the app and allow us to screenshot, it's convenient and efficient as long as you add security to the access there is no reason to block us from screenshooting our screen.",2,2025-05-14,Commercial Bank of Ethiopia,Google Play Store
I have using the CBE mobile banking app. and overall i appreciate its Feuteres However i.ve Notticed that when i turn on the Developer options on my divice the App.Stop Functioning prorerly It.Would Be Great If You could look into This issue as l often need to access Developer setting for Otter Application ThankYou For Your attention to This Matter,4,2025-05-13,Commercial Bank of Ethiopia,Google Play Store
customer service is bad nothing is good about this bank,1,2025-05-13,Commercial Bank of Ethiopia,Google Play Store
It is Amazing Mobile Banking App....But why the screenshot of the receipt doesnt work,5,2025-05-13,Commercial Bank of Ethiopia,Google Play Store
fast and simple easy to use üëå,5,2025-05-12,Commercial Bank of Ethiopia,Google Play Store
The fastest transferring app I ever had its so reliable,5,2025-05-11,Commercial Bank of Ethiopia,Google Play Store
"Funds transferred from the same bank do not reflect in the account, even though a confirmation text message was received.",3,2025-05-11,Commercial Bank of Ethiopia,Google Play Store
it's easy and fast,5,2025-05-10,Commercial Bank of Ethiopia,Google Play Store
This app don't have self activation only you have to look near cbe branch that's disgusting,1,2025-05-10,Commercial Bank of Ethiopia,Google Play Store
hello dearest CBE office personnel make some benefits for those using interest free accounts thanks for your help,5,2025-05-09,Commercial Bank of Ethiopia,Google Play Store
wow best application ever,5,2025-05-09,Commercial Bank of Ethiopia,Google Play Store
"Am sorry but what does developer mode do to the application ? hack it ? are you sure you are developer or are you stupid, doesnt makes sense,",1,2025-05-08,Commercial Bank of Ethiopia,Google Play Store
the pride of Ethiopian bank üè¶,5,2025-05-08,Commercial Bank of Ethiopia,Google Play Store
why the app telling me to turn of developer options please fix it.,1,2025-05-07,Commercial Bank of Ethiopia,Google Play Store
i am very happy . i have small prob. after i transfer i cant put the transfer cashe bil to my dic.,5,2025-05-07,Commercial Bank of Ethiopia,Google Play Store
amazing apps,5,2025-05-06,Commercial Bank of Ethiopia,Google Play Store
All service of Mobile Banking,5,2025-05-06,Commercial Bank of Ethiopia,Google Play Store
needs improvement,1,2025-05-06,Commercial Bank of Ethiopia,Google Play Store
i miss the old one i couldn't send my mony to other bank..,1,2025-05-06,Commercial Bank of Ethiopia,Google Play Store
the app is recently crushing each time you open and try to make transfers...it used to be good. take lessons from the Dashen Super app or ethiotelecom. it is not befitting of your experience and glory. inv3st in making it more friendly and convenient. I am considering leaving CBE for good.,2,2025-05-06,Commercial Bank of Ethiopia,Google Play Store
good but these week not oky,4,2025-05-06,Commercial Bank of Ethiopia,Google Play Store
well designed! Fixing bugs & two step verification with biometric... simply it's great!,5,2025-05-06,Commercial Bank of Ethiopia,Google Play Store
If any developer is reading this please fix the screenshot functionality or at least the download button should work flawlessly without me touching it twenty times.,1,2025-05-05,Commercial Bank of Ethiopia,Google Play Store
"it's a great job.but one more thing, it hasn't been placed for transfer to other banks on face like mobile charge card place",5,2025-05-05,Commercial Bank of Ethiopia,Google Play Store
CBE mobilr bankg,5,2025-05-05,Commercial Bank of Ethiopia,Google Play Store
verygood,3,2025-05-05,Commercial Bank of Ethiopia,Google Play Store
ŸÖŸÖÿ™ÿßÿ≤ ÿ¨ÿØÿß,5,2025-05-04,Commercial Bank of Ethiopia,Google Play Store
it's very low quality application,1,2025-05-04,Commercial Bank of Ethiopia,Google Play Store
Very Amazing Apps,5,2025-05-04,Commercial Bank of Ethiopia,Google Play Store
·ä†·ãõ,1,2025-05-04,Commercial Bank of Ethiopia,Google Play Store
wow simple life,5,2025-05-04,Commercial Bank of Ethiopia,Google Play Store
it's nice,5,2025-05-03,Commercial Bank of Ethiopia,Google Play Store
Why stacked sometimes,5,2025-05-03,Commercial Bank of Ethiopia,Google Play Store
okay üëç but sometimes busy,1,2025-05-03,Commercial Bank of Ethiopia,Google Play Store
the worst commercial company that fails to do even the most normal things again and and again.,1,2025-05-03,Commercial Bank of Ethiopia,Google Play Store
Very good app. but disappointed by general cessation of system.,5,2025-05-02,Commercial Bank of Ethiopia,Google Play Store
Good and fast,5,2025-05-02,Commercial Bank of Ethiopia,Google Play Store
Unreliable!,1,2025-05-02,Commercial Bank of Ethiopia,Google Play Store
Best the best fast,5,2025-05-02,Commercial Bank of Ethiopia,Google Play Store
happy,5,2025-05-02,Commercial Bank of Ethiopia,Google Play Store
fast and reliable,5,2025-05-02,Commercial Bank of Ethiopia,Google Play Store
network errorrrrrr,2,2025-05-02,Commercial Bank of Ethiopia,Google Play Store
Best app but there is some problem I can't send money to telebirr or mpesa so if you can add that it could be use full,4,2025-05-02,Commercial Bank of Ethiopia,Google Play Store
its good and simple to use,5,2025-05-02,Commercial Bank of Ethiopia,Google Play Store
worest app like that bank for security and network access,1,2025-05-02,Commercial Bank of Ethiopia,Google Play Store
it's the best app i,5,2025-05-02,Commercial Bank of Ethiopia,Google Play Store
not bad not good,1,2025-05-02,Commercial Bank of Ethiopia,Google Play Store
its very nice,5,2025-05-02,Commercial Bank of Ethiopia,Google Play Store
do not work this week,3,2025-04-30,Commercial Bank of Ethiopia,Google Play Store
It crashes frequently,4,2025-04-30,Commercial Bank of Ethiopia,Google Play Store
the best,5,2025-04-28,Commercial Bank of Ethiopia,Google Play Store
"I can simply describe this app as ""Making all your work easier"".",5,2025-04-28,Commercial Bank of Ethiopia,Google Play Store
goid,5,2025-04-28,Commercial Bank of Ethiopia,Google Play Store
best appearance,5,2025-04-27,Commercial Bank of Ethiopia,Google Play Store
it's very good üëç app,5,2025-04-27,Commercial Bank of Ethiopia,Google Play Store
I need support you,5,2025-04-27,Commercial Bank of Ethiopia,Google Play Store
the worst Mobile banking i have ever seen in my life,1,2025-04-26,Commercial Bank of Ethiopia,Google Play Store
super,5,2025-04-26,Commercial Bank of Ethiopia,Google Play Store
·å†·åÄ·å®·åà·åÄ·ç¢·åÄ·åà,5,2025-04-26,Commercial Bank of Ethiopia,Google Play Store
i like the app,5,2025-04-26,Commercial Bank of Ethiopia,Google Play Store
the Best,1,2025-04-26,Commercial Bank of Ethiopia,Google Play Store
to other bank is bad,1,2025-04-25,Commercial Bank of Ethiopia,Google Play Store
tank's,5,2025-04-25,Commercial Bank of Ethiopia,Google Play Store
its good but add more features such like. bank statement showing,5,2025-04-24,Commercial Bank of Ethiopia,Google Play Store
it is so nice,5,2025-04-24,Commercial Bank of Ethiopia,Google Play Store
Very Goodüëç,5,2025-04-21,Commercial Bank of Ethiopia,Google Play Store
"my first frequent experience of cbe app is critical-time failure such as suspending payment on air for 2-5 days with zero explanation, deducting from sender account without depositing to the receiver act. Another fatal error by the banking company as a whole (not the app itself though) is forced-banking with corporations without consent of employers-users of the corresponding corporations",2,2025-04-21,Commercial Bank of Ethiopia,Google Play Store
"wow, amazing app",5,2025-04-21,Commercial Bank of Ethiopia,Google Play Store
use ful,5,2025-04-21,Commercial Bank of Ethiopia,Google Play Store
Great app,5,2025-04-21,Commercial Bank of Ethiopia,Google Play Store
well app,5,2025-04-20,Commercial Bank of Ethiopia,Google Play Store
Actually it is inactive,4,2025-04-19,Commercial Bank of Ethiopia,Google Play Store
"slow, only one account is used",2,2025-04-19,Commercial Bank of Ethiopia,Google Play Store
always CBE is the leading Commercial Banküí™üí™üí™,5,2025-04-18,Commercial Bank of Ethiopia,Google Play Store
i like it,5,2025-04-18,Commercial Bank of Ethiopia,Google Play Store
why removing screenshot feature why?,1,2025-04-18,Commercial Bank of Ethiopia,Google Play Store
nice apps where network is good in connection,5,2025-04-18,Commercial Bank of Ethiopia,Google Play Store
Thank you!!!,5,2025-04-18,Commercial Bank of Ethiopia,Google Play Store
i can't take screenshot,1,2025-04-18,Commercial Bank of Ethiopia,Google Play Store
"every update was made the system better and better until the March 19th, 2025 update, not allowing us to screenshot. you guys didn't understand how much it's a really quick and significant thing. You add extra steps to us, which makes the process draw back",3,2025-04-18,Commercial Bank of Ethiopia,Google Play Store
perfectly special,5,2025-04-18,Commercial Bank of Ethiopia,Google Play Store
Fast and Reliable,5,2025-04-18,Commercial Bank of Ethiopia,Google Play Store
The best application I have ever seen in Ethiopia banking industry.,5,2025-04-17,Commercial Bank of Ethiopia,Google Play Store
great app!!!,5,2025-04-17,Commercial Bank of Ethiopia,Google Play Store
"Absolutely the best app! It works flawlessly, anytime and anywhere.",5,2025-04-17,Commercial Bank of Ethiopia,Google Play Store
very nice app ever!!!,5,2025-04-16,Commercial Bank of Ethiopia,Google Play Store
the best app,5,2025-04-16,Commercial Bank of Ethiopia,Google Play Store
Biometric security for mobile banking is not available,5,2025-04-16,Commercial Bank of Ethiopia,Google Play Store
great,5,2025-04-15,Commercial Bank of Ethiopia,Google Play Store
Nice service,5,2025-04-15,Commercial Bank of Ethiopia,Google Play Store
it's special apps,5,2025-04-15,Commercial Bank of Ethiopia,Google Play Store
"In the updated version of the app, it takes more time to download the receipt.",3,2025-04-15,Commercial Bank of Ethiopia,Google Play Store
·àà·àù·äï·ãµ·äê·ãç ·âµ·à´·äï·ãõ·ä≠·àΩ·äï ·âµ·äï·àΩ ·â•·âª ·ã®·àö·ã´·à≥·ã®·ãç ?,3,2025-04-14,Commercial Bank of Ethiopia,Google Play Store
Good üî•,5,2025-04-14,Commercial Bank of Ethiopia,Google Play Store
very interesting app i am using every day fantastic,5,2025-04-14,Commercial Bank of Ethiopia,Google Play Store
lebaa bank,5,2025-04-14,Commercial Bank of Ethiopia,Google Play Store
Can't scan/recognize other banks' Interoperable QR Codes,1,2025-04-13,Commercial Bank of Ethiopia,Google Play Store
OK,5,2025-04-13,Commercial Bank of Ethiopia,Google Play Store
grateful app,5,2025-04-13,Commercial Bank of Ethiopia,Google Play Store
100% ‚ù§Ô∏è‚ù§Ô∏è‚ù§Ô∏èüôèüôèüôèüôèüôèüôèüôèüôèüôèüôèüôèüôèüôèüôèüôèüôè,5,2025-04-13,Commercial Bank of Ethiopia,Google Play Store
everthing wellbeok,3,2025-04-13,Commercial Bank of Ethiopia,Google Play Store
"""This mobile banking app is fast and user-friendly, but the only issue I encountered is that I can't access my bank statement within the app. I kindly request that this feature be added, similar to what is offered by other private bank mobile banking apps.",4,2025-04-13,Commercial Bank of Ethiopia,Google Play Store
nice app üëå,5,2025-04-12,Commercial Bank of Ethiopia,Google Play Store
why did this app is not screenshot,5,2025-04-12,Commercial Bank of Ethiopia,Google Play Store
it so good app,5,2025-04-12,Commercial Bank of Ethiopia,Google Play Store
ÿ¨ŸÖŸäŸÑ,5,2025-04-11,Commercial Bank of Ethiopia,Google Play Store
"less network, specially to make fee for utility purpose",1,2025-04-11,Commercial Bank of Ethiopia,Google Play Store
simply for used,4,2025-04-11,Commercial Bank of Ethiopia,Google Play Store
wow keep up,5,2025-04-10,Commercial Bank of Ethiopia,Google Play Store
its great app but when updating we can't take screen shot please try to fix it,3,2025-04-10,Commercial Bank of Ethiopia,Google Play Store
good one,5,2025-04-10,Commercial Bank of Ethiopia,Google Play Store
everything is easy thank you cebe,5,2025-04-10,Commercial Bank of Ethiopia,Google Play Store
·çà·å£·äï ·âÄ·àç·å£·çã,5,2025-04-10,Commercial Bank of Ethiopia,Google Play Store
·åé·â†·ãù,5,2025-04-09,Commercial Bank of Ethiopia,Google Play Store
but this app says can't sync,5,2025-04-09,Commercial Bank of Ethiopia,Google Play Store
to slow,3,2025-04-09,Commercial Bank of Ethiopia,Google Play Store
work on screen shot system,4,2025-04-08,Commercial Bank of Ethiopia,Google Play Store
very very nice aplication,1,2025-04-08,Commercial Bank of Ethiopia,Google Play Store
wonder full and it is easy to use,5,2025-04-08,Commercial Bank of Ethiopia,Google Play Store
easy and reliable,2,2025-04-08,Commercial Bank of Ethiopia,Google Play Store
it is Very Useful app üëç,5,2025-04-07,Commercial Bank of Ethiopia,Google Play Store
perfect app,5,2025-04-07,Commercial Bank of Ethiopia,Google Play Store
I like it.,5,2025-04-07,Commercial Bank of Ethiopia,Google Play Store
bugs,3,2025-04-07,Commercial Bank of Ethiopia,Google Play Store
commerial Bank,5,2025-04-06,Commercial Bank of Ethiopia,Google Play Store
Genat biru,2,2025-04-06,Commercial Bank of Ethiopia,Google Play Store
üôè,5,2025-04-06,Commercial Bank of Ethiopia,Google Play Store
it is good but it doesn't allow screen shot,4,2025-04-06,Commercial Bank of Ethiopia,Google Play Store
the best one,5,2025-04-06,Commercial Bank of Ethiopia,Google Play Store
You need to copy many things from other bank apps like Amole(Dashen),2,2025-04-06,Commercial Bank of Ethiopia,Google Play Store
bring back the screenshot feature.,1,2025-04-05,Commercial Bank of Ethiopia,Google Play Store
Good!üëç,3,2025-04-05,Commercial Bank of Ethiopia,Google Play Store
best app to experience him that to smooth transaction among the customers,1,2025-04-05,Commercial Bank of Ethiopia,Google Play Store
nice app suitable to use it. the only weak side is it need data connections and hoping will be fixed to offline i gave 4 rate,4,2025-04-05,Commercial Bank of Ethiopia,Google Play Store
easy to use,5,2025-04-05,Commercial Bank of Ethiopia,Google Play Store
"Good job to the CBE team on this mobile app! It's designed in a way that's simple and intuitive to navigate, which is great for everyone. It effectively handles the essential banking tasks I need to perform regularly. It's a practical and reliable tool that makes everyday banking much more convenient. Thank you for this useful application.",5,2025-04-04,Commercial Bank of Ethiopia,Google Play Store
·àà·äî ·â†·å£·àù ·àù·à≠·å• ·äê·ãç ·åç·äï screenshot ·àõ·à®·åç ·â¢·âª·àç ·àù·à≠·å• ·äê·â†·à≠,5,2025-04-04,Commercial Bank of Ethiopia,Google Play Store
before it was smooth and good. this time after the new update in 2025 i can not make screenshot of my recite. even the downlod button is very delayed in putting my recite in my gallery for simple proof. please fix this i am unable to show proof of payment to my clients. thankyou.,3,2025-04-04,Commercial Bank of Ethiopia,Google Play Store
cool ‚ù§,4,2025-04-04,Commercial Bank of Ethiopia,Google Play Store
Best app,5,2025-04-04,Commercial Bank of Ethiopia,Google Play Store
best banking App,4,2025-04-03,Commercial Bank of Ethiopia,Google Play Store
satisfied,5,2025-04-03,Commercial Bank of Ethiopia,Google Play Store
this app is very necessary app many people found it,5,2025-04-03,Commercial Bank of Ethiopia,Google Play Store
cbe very active Bank I'm using CBE app very very satisfaction,5,2025-04-03,Commercial Bank of Ethiopia,Google Play Store
It made life alot easier. I cant even imagine having to make all those transactions in person. So this app was crucial for me. Very good app. well done.,5,2025-04-03,Commercial Bank of Ethiopia,Google Play Store
perfect,5,2025-04-03,Commercial Bank of Ethiopia,Google Play Store
thankyou,5,2025-04-02,Commercial Bank of Ethiopia,Google Play Store
I Like it,5,2025-04-02,Commercial Bank of Ethiopia,Google Play Store
"I don't understand the reason, why I need to disable developer options to access the app, it has no security risks nor does it hinder the app's functionalities. This goes out to the dev, I hope your life is filled with inconveniences.",1,2025-04-02,Commercial Bank of Ethiopia,Google Play Store
smart app,5,2025-04-02,Commercial Bank of Ethiopia,Google Play Store
isin ga'a,2,2025-04-02,Commercial Bank of Ethiopia,Google Play Store
it's great,5,2025-04-02,Commercial Bank of Ethiopia,Google Play Store
very good app and stars faction with work,5,2025-04-02,Commercial Bank of Ethiopia,Google Play Store
It is excelent,5,2025-04-01,Commercial Bank of Ethiopia,Google Play Store
Smart,5,2025-04-01,Commercial Bank of Ethiopia,Google Play Store
·â†·ã®·ãà·à© ·ä†·çï·ã∞·âµ ·ä•·ã®·å†·ã®·âÄ·äù ·äê·ãç ·àà·äê·åà·à© ·â•·à≠ ·àµ·àå·àà·äù ·ã≠·àÜ·äì·àç ·ä•·äì ·àù·äï ·àà·àõ·àà·âµ ·çà·àç·åà ·àò·à∞·àã·âπ ·ãà·àã·àÖ ·âº·åç·àÆ·äõ·àç ü•∫ü•∫ü•∫,3,2025-04-01,Commercial Bank of Ethiopia,Google Play Store
very interesting app,5,2025-04-01,Commercial Bank of Ethiopia,Google Play Store
wow.......cbe.....keep it up.....!!!!!!,5,2025-04-01,Commercial Bank of Ethiopia,Google Play Store
·åä·ãú·äï ·âÜ·å£·â¢ ·ä•·äì ·àÖ·ã≠·ãà·âµ·äï ·âÄ·àà·àç ·ä®·àö·ã´·ã∞·à≠·åâ ·ä¢·âµ·ã¨·å≤·ã´ ·ä´·àâ ·çã·ã≠·äì·äï·àµ ·ä†·çï·àç·ä¨·àΩ·äñ·âΩ ·àÅ·àâ ·ã≠·àÑ ·ã≠·àà·ã´·àç,5,2025-04-01,Commercial Bank of Ethiopia,Google Play Store
Excellentüôèapp,5,2025-04-01,Commercial Bank of Ethiopia,Google Play Store
the most useful,5,2025-04-01,Commercial Bank of Ethiopia,Google Play Store
I am more satisfied in this app . More sure you have to secure.,4,2025-04-01,Commercial Bank of Ethiopia,Google Play Store
"very good, but sometimes NUR CBE comes without my consent. even if I choose locked, it appears",4,2025-04-01,Commercial Bank of Ethiopia,Google Play Store
Excellent !!!,5,2025-04-01,Commercial Bank of Ethiopia,Google Play Store
always we relay on,5,2025-04-01,Commercial Bank of Ethiopia,Google Play Store
I'm lucky to have thisüôè thank you CBE.,5,2025-04-01,Commercial Bank of Ethiopia,Google Play Store
it's need more improvement like Tellbirr.,4,2025-04-01,Commercial Bank of Ethiopia,Google Play Store
goode app,5,2025-04-01,Commercial Bank of Ethiopia,Google Play Store
a very nice app.üëçüëçüëç,5,2025-04-01,Commercial Bank of Ethiopia,Google Play Store
safe easy & fast,5,2025-04-01,Commercial Bank of Ethiopia,Google Play Store
it's good app,5,2025-04-01,Commercial Bank of Ethiopia,Google Play Store
It is veary useful app but screen shout was impossible .solve this problem,5,2025-04-01,Commercial Bank of Ethiopia,Google Play Store
·å•·à© ·äê·ãç,5,2025-04-01,Commercial Bank of Ethiopia,Google Play Store
·ä•·åÖ·åç ·â†·å£·àù ·å•·à© ·ä†·çï,5,2025-04-01,Commercial Bank of Ethiopia,Google Play Store
·â†·å£·àù ·àÉ·à™·çç ·äê·ãç ·åç·äï ·â•·à≠ ·â†·àö·â∞·àã·àà·çç·â†·âµ ·ãà·âÖ·âµ ·â∞·âÄ·äï·à∑·àç ·ã≠·àã·àç ·ä•·àã·çä ·àò·àç·ä≠·â± ·ã≠·ã∞·à≠·à≥·àç ·åç·äï ·ä†·ã≠·âÄ·äï·àµ·àù,5,2025-04-01,Commercial Bank of Ethiopia,Google Play Store
suitable app,4,2025-04-01,Commercial Bank of Ethiopia,Google Play Store
Dear cbe this app is not comparable with 21century and pls try to solve it.üíÄüíÄüíÄ,1,2025-04-01,Commercial Bank of Ethiopia,Google Play Store
best transaction method of financial,5,2025-04-01,Commercial Bank of Ethiopia,Google Play Store
#CBE is Now going to on the right Pathway/track/!! Thank you CBE one step ahead on payment platform app!!,5,2025-04-01,Commercial Bank of Ethiopia,Google Play Store
It literarily don't work at all,4,2025-04-01,Commercial Bank of Ethiopia,Google Play Store
good give us plus,5,2025-04-01,Commercial Bank of Ethiopia,Google Play Store
"Very good application. However, I have one functionality recommendation. What if you let the app transfer money to any telebirr account as for MPESA? By the way, I am not the only one to ask this. Thank you!",4,2025-04-01,Commercial Bank of Ethiopia,Google Play Store
before update it was able to screenshot while after update I can't able to screenshot the transfere details,4,2025-04-01,Commercial Bank of Ethiopia,Google Play Store
Tnc Cbe,5,2025-04-01,Commercial Bank of Ethiopia,Google Play Store
it is good app. But you have integrate cbe with cbe birr. to allow cardless withdrawal directly from our accout!,4,2025-03-31,Commercial Bank of Ethiopia,Google Play Store
great apps,5,2025-03-31,Commercial Bank of Ethiopia,Google Play Store
Excellent,5,2025-03-31,Commercial Bank of Ethiopia,Google Play Store
Great app!,4,2025-03-31,Commercial Bank of Ethiopia,Google Play Store
CBE,5,2025-03-31,Commercial Bank of Ethiopia,Google Play Store
very good üëç üëè,5,2025-03-31,Commercial Bank of Ethiopia,Google Play Store
great when it works,5,2025-03-31,Commercial Bank of Ethiopia,Google Play Store
"the app is very good, but why screenshots is impossible?",5,2025-03-31,Commercial Bank of Ethiopia,Google Play Store
excellent match application,5,2025-03-31,Commercial Bank of Ethiopia,Google Play Store
The Best appüòçüòçüòç,5,2025-03-31,Commercial Bank of Ethiopia,Google Play Store
excellent app,5,2025-03-31,Commercial Bank of Ethiopia,Google Play Store
easy to use and user friendly,5,2025-03-31,Commercial Bank of Ethiopia,Google Play Store
very nice,5,2025-03-31,Commercial Bank of Ethiopia,Google Play Store
·ä†·à™·çç ·äê·ãç ·â†·â∞·àà·ã≠ ·ã®·ä†·àª·à´ ·ã∞·àÖ·äê·â± ·àò·à®·åã·åà·å° ·â∞·àò·âΩ·â∂·äõ·àç,3,2025-03-31,Commercial Bank of Ethiopia,Google Play Store
well software,5,2025-03-31,Commercial Bank of Ethiopia,Google Play Store
·å•·à© ·äê·ãç ·ä†·äï·ã≥·äï·ã¥ ·àµ·â≥·ä≠ ·â¢·ã´·ã∞·à≠·åç·àù,4,2025-03-31,Commercial Bank of Ethiopia,Google Play Store
CBE very good apps,5,2025-03-31,Commercial Bank of Ethiopia,Google Play Store
"This application fast, secure and more convenient. Thanks CBE",5,2025-03-31,Commercial Bank of Ethiopia,Google Play Store
excellent service,5,2025-03-31,Commercial Bank of Ethiopia,Google Play Store
it's best,5,2025-03-31,Commercial Bank of Ethiopia,Google Play Store
Why didn't you display cash transactions and bank statement in the mobile banking app?,4,2025-03-31,Commercial Bank of Ethiopia,Google Play Store
Amazing app,5,2025-03-31,Commercial Bank of Ethiopia,Google Play Store
our legitimate bank,4,2025-03-31,Commercial Bank of Ethiopia,Google Play Store
Ever and never seen this kind of app I proud my CBE,5,2025-03-31,Commercial Bank of Ethiopia,Google Play Store
very good and safe for me!,5,2025-03-31,Commercial Bank of Ethiopia,Google Play Store
it is best bank,5,2025-03-31,Commercial Bank of Ethiopia,Google Play Store
"very good, but sometimes....",4,2025-03-31,Commercial Bank of Ethiopia,Google Play Store
·ä®·ä†·äï·ãµ ·àò·àµ·à™·ã´ ·â§·âµ ·ãà·ã≠·àù ·ãµ·à≠·åÖ·âµ ·ãà·ã≠·àù ·åç·àà·à∞·â• ·â†·à≠·ä®·âµ ·àã·àà ·à∞·ãç ·à≤·àã·ä≠ ·ã®·àã·ä™·ãç·äï ·àò·àµ·à™·ã´ ·â§·âµ ·ãà·ã≠·àù ·ãµ·à≠·åÖ·âµ ·ãà·ã≠·àù ·åç·àà·à∞·â• ·ä•·äï·ã≤·ã´·à≥·ã≠ ·ä†·â≥·ã∞·à≠·åâ·àù ? ·åç·àà·à∞·â• ·àà·åç·àà·à∞·â• ·ãà·ã≠·àù ·àà·ãµ·à≠·åÖ·âµ ·à≤·ä®·çç·àç ·ã´·à≥·ã´·àç ·ç¢,5,2025-03-31,Commercial Bank of Ethiopia,Google Play Store
Why not allowed to pay for fuel?,4,2025-03-31,Commercial Bank of Ethiopia,Google Play Store
·âÜ·äï·åÜ ·äê·ãç,5,2025-03-31,Commercial Bank of Ethiopia,Google Play Store
Great version,5,2025-03-31,Commercial Bank of Ethiopia,Google Play Store
Good and easy to use,5,2025-03-31,Commercial Bank of Ethiopia,Google Play Store
nice app and fast money transfer,5,2025-03-31,Commercial Bank of Ethiopia,Google Play Store
Really automated...,5,2025-03-31,Commercial Bank of Ethiopia,Google Play Store
good App,5,2025-03-31,Commercial Bank of Ethiopia,Google Play Store
bek betam kelal,5,2025-03-31,Commercial Bank of Ethiopia,Google Play Store
·àù·à≠·å• ·ä†·çï ·äê·ãç ·â∞·àò·âΩ·â∂·äõ·àç‚ù§‚ù§,3,2025-03-31,Commercial Bank of Ethiopia,Google Play Store
Recently app keeps closing and the notification after says this app has a bug. Can you make an update please,4,2025-03-31,Commercial Bank of Ethiopia,Google Play Store
"very good, keep it up",5,2025-03-31,Commercial Bank of Ethiopia,Google Play Store
there is some issue the process it delay,3,2025-03-31,Commercial Bank of Ethiopia,Google Play Store
what an amazing application in Ethiopian Banking industry which is very interested one!,5,2025-03-31,Commercial Bank of Ethiopia,Google Play Store
interesting,3,2025-03-30,Commercial Bank of Ethiopia,Google Play Store
simple&fast!!!,5,2025-03-30,Commercial Bank of Ethiopia,Google Play Store
it is very good app,5,2025-03-30,Commercial Bank of Ethiopia,Google Play Store
It is very excellent anddynamic plus user friend all in one bank apps of the era. I loved it.,5,2025-03-30,Commercial Bank of Ethiopia,Google Play Store
Very God thanks,5,2025-03-30,Commercial Bank of Ethiopia,Google Play Store
The sum is good.,3,2025-03-30,Commercial Bank of Ethiopia,Google Play Store
best of bests,5,2025-03-30,Commercial Bank of Ethiopia,Google Play Store
am happy thank you CBEü´°,5,2025-03-30,Commercial Bank of Ethiopia,Google Play Store
it's very nice üëç.,5,2025-03-30,Commercial Bank of Ethiopia,Google Play Store
amazing Banks Appüëåüëå,3,2025-06-25,Bank of Abyssinia,Google Play Store
goof,5,2025-06-25,Bank of Abyssinia,Google Play Store
good App fore me,5,2025-06-25,Bank of Abyssinia,Google Play Store
"very uninterested it's not working when the ""developer mode on"" i haven't off the developer options i preferred to uninstall your app .....",1,2025-06-24,Bank of Abyssinia,Google Play Store
Very nice app,5,2025-06-23,Bank of Abyssinia,Google Play Store
fantastic,5,2025-06-22,Bank of Abyssinia,Google Play Store
business main,5,2025-06-21,Bank of Abyssinia,Google Play Store
üëç,4,2025-06-21,Bank of Abyssinia,Google Play Store
it's nice to use.,5,2025-06-21,Bank of Abyssinia,Google Play Store
app doesn't start,1,2025-06-21,Bank of Abyssinia,Google Play Store
Excellent application,5,2025-06-18,Bank of Abyssinia,Google Play Store
its very bad app its very slow,1,2025-06-17,Bank of Abyssinia,Google Play Store
·â•·ãô·ã¨ ·à∫·ãã·ã® ·â†·àà·å†,1,2025-06-15,Bank of Abyssinia,Google Play Store
good,1,2025-06-15,Bank of Abyssinia,Google Play Store
"as bank, u should at least hire someone good at their job bc this a joke nowadays I can't even log in or even transfer without it crashing if u fix the app I will update this review I am counting on u boa",1,2025-06-15,Bank of Abyssinia,Google Play Store
Good job!,5,2025-06-13,Bank of Abyssinia,Google Play Store
best financial app.,5,2025-06-12,Bank of Abyssinia,Google Play Store
·âÜ·äï·åÜ ·äê·ãç ·â†·à≠·â±,5,2025-06-11,Bank of Abyssinia,Google Play Store
the worst app humans ever created,1,2025-06-09,Bank of Abyssinia,Google Play Store
it's not working,3,2025-06-05,Bank of Abyssinia,Google Play Store
"Hello, I‚Äôm facing a problem with the BOA Mobile app. Every time I enter my phone number and password, the app crashes and shows an error that says ‚ÄúBoaMobile closed because this app has a bug.‚Äù I tried updating, reinstalling, and clearing cache, but nothing worked. Please fix this bug in the next update. I really need access to my account. Thank you.",1,2025-06-03,Bank of Abyssinia,Google Play Store
exceptional,5,2025-06-03,Bank of Abyssinia,Google Play Store
BoA Mobile good bank,5,2025-06-02,Bank of Abyssinia,Google Play Store
this is worest app 24/7 loading,1,2025-06-01,Bank of Abyssinia,Google Play Store
BoA system is confartable,5,2025-06-01,Bank of Abyssinia,Google Play Store
"this app, for me , is a waste of time. It doesn't work . I can't even long in, and it really piss me off. FIX THE PROBLEM",1,2025-05-27,Bank of Abyssinia,Google Play Store
Good service.,3,2025-05-25,Bank of Abyssinia,Google Play Store
the app crush frequently,1,2025-05-24,Bank of Abyssinia,Google Play Store
You guys keeps getting worst,1,2025-05-22,Bank of Abyssinia,Google Play Store
"This app is a joke. It crashes more than it works, takes forever to load, and half the features are just decorative at this point. Can‚Äôt log in, can‚Äôt transfer money, can‚Äôt even check my balance without it bugging out. To the developer: Are you actually trying to make this work, or is this some kind of social experiment to test our patience? Did you build this in your sleep? Because it definitely looks like it. If this is your idea of a functional app, maybe consider a different career pathüôè",1,2025-05-21,Bank of Abyssinia,Google Play Store
BoA,2,2025-05-20,Bank of Abyssinia,Google Play Store
but not opening on android,4,2025-05-19,Bank of Abyssinia,Google Play Store
Worst App ever. Totally unreliable. And it didn't work at all for the last 4 months.,1,2025-05-18,Bank of Abyssinia,Google Play Store
amazing,5,2025-05-18,Bank of Abyssinia,Google Play Store
excellent app,4,2025-05-16,Bank of Abyssinia,Google Play Store
excellent,5,2025-05-15,Bank of Abyssinia,Google Play Store
·àû·àã·ã¨ ·ä®·â†·ã∞,5,2025-05-14,Bank of Abyssinia,Google Play Store
"this app does no work on Samsung a51, it just gives a preview of the logo",1,2025-05-11,Bank of Abyssinia,Google Play Store
nice,5,2025-05-10,Bank of Abyssinia,Google Play Store
"i entered incorrect security question by mistake boa app lock pin forever, why is there no other options? ?? i contacted different branchs more then 4times but they didn't able to solve this issue .",5,2025-05-10,Bank of Abyssinia,Google Play Store
Best app,5,2025-05-09,Bank of Abyssinia,Google Play Store
liking this application good üëç,5,2025-05-07,Bank of Abyssinia,Google Play Store
"This app future is good, but there is problems with apps to reset and activate it, which is difficult even to the branch staffs, and it takes too long times to active at the branch plus most of the time high expected failure of activation after process at the counter and OTP sent not work",1,2025-05-06,Bank of Abyssinia,Google Play Store
wow,5,2025-04-28,Bank of Abyssinia,Google Play Store
it's really good üëç,5,2025-04-23,Bank of Abyssinia,Google Play Store
Bad app . it stuck when you open and noting WORKS.,1,2025-04-23,Bank of Abyssinia,Google Play Store
"the app isn't working after it asked me the password it starts loading, but it doesn't open",3,2025-04-20,Bank of Abyssinia,Google Play Store
Best,2,2025-04-19,Bank of Abyssinia,Google Play Store
It keeps showing this pop up to turn off developer options even tho it's off! I had to turn on and then off to make it work! This is a horrible experience and needs a fix asap! Plus kinda slow.,1,2025-04-19,Bank of Abyssinia,Google Play Store
yideg,1,2025-04-18,Bank of Abyssinia,Google Play Store
·ä†·ã≠·ä®·çç·âµ·àù ·ä•·äÆ,1,2025-04-17,Bank of Abyssinia,Google Play Store
great boa,5,2025-04-10,Bank of Abyssinia,Google Play Store
boa of mobile backing,5,2025-04-09,Bank of Abyssinia,Google Play Store
faster bank of Abissinya,5,2025-04-08,Bank of Abyssinia,Google Play Store
i would have given it a lower if it was possible because it crush so much and it take the bank so long to fix the bug,1,2025-04-08,Bank of Abyssinia,Google Play Store
it just doesn't work...so frustrating,1,2025-04-07,Bank of Abyssinia,Google Play Store
like,5,2025-04-06,Bank of Abyssinia,Google Play Store
it's not work correctly... you must have update it,1,2025-04-06,Bank of Abyssinia,Google Play Store
"the app gets a considerable improvements like language , QR scanner and unlimited transfers survice. but BOA Please do alot on its fastness and convenient when we login and making a transactions.",5,2025-04-04,Bank of Abyssinia,Google Play Store
after i typed in my password it says successfully logged out ...and goes back to the first page,2,2025-04-04,Bank of Abyssinia,Google Play Store
good but they don't update enough don't add new things,3,2025-04-04,Bank of Abyssinia,Google Play Store
very good,5,2025-04-03,Bank of Abyssinia,Google Play Store
thank you,5,2025-04-02,Bank of Abyssinia,Google Play Store
it doesn't work period z slowest mobile banking ever i would rather use *815#,1,2025-04-01,Bank of Abyssinia,Google Play Store
"after activated the application it not allowed to sign , automatically it is turn off In my phone, why ?",1,2025-03-31,Bank of Abyssinia,Google Play Store
good application,5,2025-03-30,Bank of Abyssinia,Google Play Store
this version is not working for me I cannot even buy card. I cannot send money,1,2025-03-30,Bank of Abyssinia,Google Play Store
"It can't actively on initialization, it says incorrect OTP getting the exact OTP",1,2025-03-29,Bank of Abyssinia,Google Play Store
always problematic hardly works,1,2025-03-26,Bank of Abyssinia,Google Play Store
considering the fact the bank is huge this app really bad you could do better,1,2025-03-25,Bank of Abyssinia,Google Play Store
best app,5,2025-03-25,Bank of Abyssinia,Google Play Store
"worst app and Bank ever u be ashamed, scammer",1,2025-03-24,Bank of Abyssinia,Google Play Store
great BoA,5,2025-03-22,Bank of Abyssinia,Google Play Store
best,5,2025-03-21,Bank of Abyssinia,Google Play Store
i have went to the bank so many times because i couldn't make any transaction i can only see my balance nothing else so what is the point of having mobile banking if i can't make any transaction with it please work in that,1,2025-03-21,Bank of Abyssinia,Google Play Store
there is no speed,1,2025-03-19,Bank of Abyssinia,Google Play Store
"For anyone who wants to download it, just don't!!!",1,2025-03-19,Bank of Abyssinia,Google Play Store
wonderful,5,2025-03-19,Bank of Abyssinia,Google Play Store
all worck,5,2025-03-19,Bank of Abyssinia,Google Play Store
Loved it,5,2025-03-14,Bank of Abyssinia,Google Play Store
Wow,1,2025-03-14,Bank of Abyssinia,Google Play Store
"Edit: New bug, app not letting me type in my otp codes. Shameful Why does this app not allow me to use it while having developer options on? Did y'all consider that I might, perhaps, be an actual developer? Why am I expected to toggle the option on and off just to bank (restarting my phone when I do)? Why is the message labled as somthing that will ""smoothen"" the experience? This is like the most ""security consultant"" thing to implement in an app. Please invest in actual security, not this mess.",1,2025-03-12,Bank of Abyssinia,Google Play Store
Improved to be the best,5,2025-03-11,Bank of Abyssinia,Google Play Store
"Decent, but there problems sometimes it says error When i transfer money but infact it transferred because of this bug i transferred 2 times instead of 1 and also we can't transfer money to others telebirr acc we only can to our self BOE Dev fix this !!!",3,2025-03-11,Bank of Abyssinia,Google Play Store
BoA Greqt Ethiopian bank.,5,2025-03-11,Bank of Abyssinia,Google Play Store
"The bug is still there,the app crashes every time i try to log in, especially in old phones like my Galaxy A32",1,2025-03-10,Bank of Abyssinia,Google Play Store
Almost better compared to cbe where it is not qualified for,4,2025-03-09,Bank of Abyssinia,Google Play Store
what awesome apps. it is very simple to use and more much important apps.,5,2025-03-09,Bank of Abyssinia,Google Play Store
Wonderfull app,5,2025-03-08,Bank of Abyssinia,Google Play Store
i can't use this app why?,5,2025-03-07,Bank of Abyssinia,Google Play Store
Worst mobile banking app I ever experienced I was blaming other apps but comparing with this they're too much better!!!! It clashes it takes much longer time to login while loading in short it's a complete of trash,1,2025-03-06,Bank of Abyssinia,Google Play Store
bro the worst app made by human kind!! as a software engineer it make me so sad seeing enterprise as big as BOA make apps like this. it is a disgrace for our country!!,1,2025-03-05,Bank of Abyssinia,Google Play Store
AGA B Girja Miss language of admin Afaan oromo & other Itoophiyaa languages,1,2025-03-04,Bank of Abyssinia,Google Play Store
Good app,5,2025-03-03,Bank of Abyssinia,Google Play Store
"I downloaded the app for the first time while reading other customers reviews and as soon as i installed and opened the app it closes back automatically, what unserious bank, now i uninstalled the app immediately",1,2025-03-03,Bank of Abyssinia,Google Play Store
It has good features but sometimes it doesn't work...0,1,2025-03-02,Bank of Abyssinia,Google Play Store
Very poor proformance,1,2025-03-01,Bank of Abyssinia,Google Play Store
It's not opening. Really frustrating,1,2025-03-01,Bank of Abyssinia,Google Play Store
Verry Amazing App from all IB,5,2025-03-01,Bank of Abyssinia,Google Play Store
Not working on this days,1,2025-02-26,Bank of Abyssinia,Google Play Store
Thank you BoA,5,2025-02-23,Bank of Abyssinia,Google Play Store
best banking app in the wworld,5,2025-02-22,Bank of Abyssinia,Google Play Store
Nice app and it's easy to use,5,2025-02-21,Bank of Abyssinia,Google Play Store
"please add language in the apps setting(amharic afan oromo, tigniya,and others) sometimes bank to bank transfer is not available through time and even if if it is available not reachable‚Ä¶it is serious issue!",1,2025-02-15,Bank of Abyssinia,Google Play Store
This is help full i like ittttt,5,2025-02-14,Bank of Abyssinia,Google Play Store
The is not functional at all?,2,2025-02-12,Bank of Abyssinia,Google Play Store
Best bank,5,2025-02-08,Bank of Abyssinia,Google Play Store
Make it easy and convienient to use and perfect for all to high prefrence and choice.,3,2025-02-07,Bank of Abyssinia,Google Play Store
üá™üáπüá™üáπüá™üáπüá™üáπüá™üáπüá™üáπüëçüëçüëçüëçüëçüëçüëç,5,2025-02-04,Bank of Abyssinia,Google Play Store
I have been using this app for two years.It is amazing.,5,2025-02-01,Bank of Abyssinia,Google Play Store
Good üëç,5,2025-01-31,Bank of Abyssinia,Google Play Store
Sad experience,1,2025-01-30,Bank of Abyssinia,Google Play Store
Always do update and that is annoying,3,2025-01-27,Bank of Abyssinia,Google Play Store
"Best app, somehow waiting a few minutes",5,2025-01-23,Bank of Abyssinia,Google Play Store
I can't dijitalize my atm in the apollo app on my phone,1,2025-01-22,Bank of Abyssinia,Google Play Store
Whenever I try to sign in app close please fixed it out,2,2025-01-21,Bank of Abyssinia,Google Play Store
Beter,5,2025-01-21,Bank of Abyssinia,Google Play Store
Boa,4,2025-01-18,Bank of Abyssinia,Google Play Store
·â†·å£·àù ·ã®·àö·ã´·àµ·å†·àã ·ä†·çï ·â†·å£·àù ·ã®·ãà·à®·ã∞ ·ãú·àÆ ·äê·ãç ·ã®·àù·à∞·å†·ãç ·ãò·àÆ It's not App it's very slow ehhhh. Why don't you upgrade the app???? It's always zero,1,2025-01-18,Bank of Abyssinia,Google Play Store
Aadan Axmed Barkhadle,5,2025-01-17,Bank of Abyssinia,Google Play Store
üò°üò°üò°ü§¨ü§¨ü§¨,1,2025-01-16,Bank of Abyssinia,Google Play Store
Horrible customer service and app crashes Horrible!!,1,2025-01-15,Bank of Abyssinia,Google Play Store
I love it,5,2025-01-14,Bank of Abyssinia,Google Play Store
It keeps asking me to turn off developer mode even when dev mode is off. Couldn't use it.,1,2025-01-13,Bank of Abyssinia,Google Play Store
Goodüôè,5,2025-01-12,Bank of Abyssinia,Google Play Store
Like to much,5,2025-01-11,Bank of Abyssinia,Google Play Store
Thank you,5,2025-01-10,Bank of Abyssinia,Google Play Store
Perfect,5,2025-01-09,Bank of Abyssinia,Google Play Store
The best of best,5,2025-01-09,Bank of Abyssinia,Google Play Store
I was using this app for long time it amazing user friendly UI but the i can't found for get pin button in the app,3,2025-01-07,Bank of Abyssinia,Google Play Store
Great üëç,5,2025-01-04,Bank of Abyssinia,Google Play Store
Fast and suitable for the customers.,5,2025-01-04,Bank of Abyssinia,Google Play Store
Good app and helpful,5,2025-01-03,Bank of Abyssinia,Google Play Store
"I will give only one star, because it faced with multiple of problems. 1. The app is not as fast as the other banks App, for e.g like CBE 2. The App asks repeatedly to switch off developer options, even if it is switched off. 3. Bank of Abyssinia's services are interesting, but they ignored the issues on the App service. 4. Most customers gave a complain on the App, but no one accept their complain to fix the issue. 5. Lastly, I will not recommend the App unless the issue has been solved ASAP!!",1,2025-01-03,Bank of Abyssinia,Google Play Store
By assessing this you can tell Abyssinia bank has no idea what mobile banking is ?,1,2025-01-02,Bank of Abyssinia,Google Play Store
It doesn't work at all.,2,2025-01-02,Bank of Abyssinia,Google Play Store
this app is not available,1,2025-01-02,Bank of Abyssinia,Google Play Store
Wow what amazing,5,2024-12-30,Bank of Abyssinia,Google Play Store
love it,5,2024-12-30,Bank of Abyssinia,Google Play Store
·â†·å£·àù ·àò·àª·àª·àç ·ä†·àà·â†·âµ....... ·àà ·â£·äï·ä© ·àõ·ã≠·àò·å•·äï ·àò·â∞·åç·â†·à≠·ã´ ·äê·ãç ::,2,2024-12-30,Bank of Abyssinia,Google Play Store
Lemn embi yilal??,5,2024-12-30,Bank of Abyssinia,Google Play Store
Good,5,2024-12-30,Bank of Abyssinia,Google Play Store
It's useless app downgraded.,1,2024-12-29,Bank of Abyssinia,Google Play Store
Why is not letting me access my account. The whole point of this app is for me to gey access to my account without physically being at the bank. I would give it a zero but a one will suffice to get my point accross.,1,2024-12-27,Bank of Abyssinia,Google Play Store
Nice,5,2024-12-26,Bank of Abyssinia,Google Play Store
When are you going to get rid of this and have a real app that works? By far the worst mobile banking app.,1,2024-12-24,Bank of Abyssinia,Google Play Store
·ä†·ã≠·à∞·à´·àù ·àº·àù ·äê·ãç·ç§,1,2024-12-23,Bank of Abyssinia,Google Play Store
Not that much bad,3,2024-12-22,Bank of Abyssinia,Google Play Store
Fine,5,2024-12-21,Bank of Abyssinia,Google Play Store
The dirtiest application ever seen...,1,2024-12-20,Bank of Abyssinia,Google Play Store
Nic ap,5,2024-12-19,Bank of Abyssinia,Google Play Store
The forest app ever,1,2024-12-19,Bank of Abyssinia,Google Play Store
"I love BoA more than anyone but they are cursed when it comed to mobile banking. Even though this ine is hetter it still s*cks! It will ask me to turn off developer options other wise it won't work! I use CBE, Awash birr, tekebirr, Dashen bank and others but non of them asked me this, why only BoA? Please improve your mobile banking, be competitive!",1,2024-12-19,Bank of Abyssinia,Google Play Store
Bank of abissena,1,2024-12-17,Bank of Abyssinia,Google Play Store
"Easy and sooo simple to use it, also its easy to stole someones money using the app",3,2024-12-16,Bank of Abyssinia,Google Play Store
GOOD,5,2024-12-15,Bank of Abyssinia,Google Play Store
The worst banking app ever. Never works!,1,2024-12-14,Bank of Abyssinia,Google Play Store
Poorly functioning app,3,2024-12-13,Bank of Abyssinia,Google Play Store
Very nice,5,2024-12-13,Bank of Abyssinia,Google Play Store
Your system is the worst you should do betterüò°üò°üò°üò°üò°üò°,2,2024-12-11,Bank of Abyssinia,Google Play Store
It has been a while since you guys started giving the mobile app service but still couldn't get it to work. I'm sure you know that it doesn't work already but not sure if you're lazy or incompetent to fix it. You are losing business because of this. Complacency will have consequences.,1,2024-12-10,Bank of Abyssinia,Google Play Store
"This is the best app; many features are awesome, but it should work without the need to turn off the developer options. I'm tired of having to constantly switch the developer options off and on. I've been expressing my struggles about this. I have precious settings enabled in the developer options, and to open the App Boa app, I have to turn them off. Please help us, Abyssinia Bank. I hope you can provide an update soon.",4,2024-12-08,Bank of Abyssinia,Google Play Store
"I‚Äôm giving this app one star because there are no options below that. My experience has been incredibly frustrating due to the extremely long loading times, and the app even closes automatically at times. People choose mobile banking for its convenience, but this app is far too time-consuming, making it the worst I‚Äôve used. I hope improvements are made to enhance the user experience.",1,2024-12-07,Bank of Abyssinia,Google Play Store
Very unprofessional and mischievous bank in my opinion. I have had several occasions but recently I used Abyssinia Card to withdraw money and it was deducted from my account but despite reporting several times they said they are processing it but I learned yesterday that since it has been 3 months the bank has decided to include it in their income. How absurd. If you can avoid this bank.,1,2024-12-06,Bank of Abyssinia,Google Play Store
It doesn't work on my 2 devices A05 and A34 üò°,1,2024-12-02,Bank of Abyssinia,Google Play Store
It's better to say I don't use boa rather than pulling your phone out and opening this app,1,2024-12-01,Bank of Abyssinia,Google Play Store
My attention is very important because it will be the most difficult time for me,5,2024-11-30,Bank of Abyssinia,Google Play Store
"I have a worst experience while using this mobile application through out the year. Most of the time it fails to ""Login"" or automatically closed the app. And also it takes so much loading time (5 minutes +) trying to access the internal services. Sometimes also while transferring within and to other bank also fails. So, BOA please fix your app.",1,2024-11-29,Bank of Abyssinia,Google Play Store
I don't know why but your apps start out great then all of a sudden don't workü§∑‚Äç‚ôÄÔ∏è,1,2024-11-28,Bank of Abyssinia,Google Play Store
This application is losing major factions on a daily basis. I can count how many times I have used this app; it is completely useless and disappointing if I am not going to use it in times of need then I don't see the point.,1,2024-11-28,Bank of Abyssinia,Google Play Store
exellent digital transaction of money,5,2024-11-27,Bank of Abyssinia,Google Play Store
The latest update has stopped android 9 phones not to open this App. Never work properly since i started using it.,1,2024-11-26,Bank of Abyssinia,Google Play Store
Great,5,2024-11-25,Bank of Abyssinia,Google Play Store
üëèüëèüëè,5,2024-11-24,Bank of Abyssinia,Google Play Store
Money,5,2024-11-24,Bank of Abyssinia,Google Play Store
It needs more improvment,2,2024-11-24,Bank of Abyssinia,Google Play Store
Hey Google,5,2024-11-21,Bank of Abyssinia,Google Play Store
ab,3,2024-11-20,Bank of Abyssinia,Google Play Store
Ademtahir,5,2024-11-20,Bank of Abyssinia,Google Play Store
‚úåÔ∏è‚úåÔ∏è,5,2024-11-20,Bank of Abyssinia,Google Play Store
Please this app on my android phone,3,2024-11-20,Bank of Abyssinia,Google Play Store
GOAT üêê üêê,5,2024-11-19,Bank of Abyssinia,Google Play Store
"Your app doesn't match your bank, the app is disaster, super slow. Please learn something from tele birr app.",1,2024-11-19,Bank of Abyssinia,Google Play Store
Fast and reliable,5,2024-11-18,Bank of Abyssinia,Google Play Store
"The worst app update ever. Why would you include the ""developer option off"" thing here? Why do you care? It is my phone my money, right? That is the reason why I switched to other banks. So either turn it off or everyone will discontinue their business one by one.",1,2024-11-17,Bank of Abyssinia,Google Play Store
Very good,5,2024-11-14,Bank of Abyssinia,Google Play Store
One of the poorest mobile banking system,1,2024-11-13,Bank of Abyssinia,Google Play Store
‚ù§‚ù§‚ù§‚ù§‚ù§‚ù§,5,2024-11-12,Bank of Abyssinia,Google Play Store
Oene,5,2024-11-12,Bank of Abyssinia,Google Play Store
i find it interesting specially in reciept downloading,1,2024-11-12,Bank of Abyssinia,Google Play Store
it good,5,2024-11-12,Bank of Abyssinia,Google Play Store
"This app crashes everytime, please fix it",1,2024-11-12,Bank of Abyssinia,Google Play Store
·ä†·äï·ãµ star ·à´·à± ·ã≠·â†·ãõ·â†·â≥·àç·ç¢ i dont recomend to use this app also the bank,1,2024-11-12,Bank of Abyssinia,Google Play Store
I need a support the app is not working,5,2024-11-12,Bank of Abyssinia,Google Play Store
Bast bank of ethiopia,5,2024-11-12,Bank of Abyssinia,Google Play Store
very slow app. ·ä†·â¢·à≤·äí·ã´·äï ·ä®·àö·ã´·ä≠·àç ·â£·äï·ä≠ ·ã®·àõ·ã≠·å†·â†·âÖ software app. ·ä®·âª·àã·âΩ·àÅ ·àô·àâ ·àà·àô·àâ ·ä•·äï·ã∞·åà·äì ·ä†·à∞·à©·âµ·ç¢·â†·å£·àù ·ã≠·àò·à´·ã´·àç ·ã´·à≥·çç·à´·àç·ç¢·ààapp ·ã®·ãà·å£·ãç ·ãà·å≠ ·â†·àô·àµ·äì ·ã®·â∞·â†·àã ·äê·ãç ·ã®·àö·àò·àµ·àà·ãç·ç¢,1,2024-11-12,Bank of Abyssinia,Google Play Store
"thank you for your social services like, vertual banking, non touch ATM, Cadrless and withdrwal with out passbook...",5,2024-11-12,Bank of Abyssinia,Google Play Store
The worst App i have never seen like this before,1,2024-11-12,Bank of Abyssinia,Google Play Store
Wweeeer,4,2024-11-12,Bank of Abyssinia,Google Play Store
Infinx,5,2024-11-12,Bank of Abyssinia,Google Play Store
Great service,5,2024-11-12,Bank of Abyssinia,Google Play Store
This app is not available on all android versions and some times it is not functional.,1,2024-11-08,Bank of Abyssinia,Google Play Store
senayt Mesfin,4,2024-11-08,Bank of Abyssinia,Google Play Store
Bad app vety bad.,1,2024-11-07,Bank of Abyssinia,Google Play Store
Abessnya Banke,5,2024-11-05,Bank of Abyssinia,Google Play Store
"The most useless app, I never expected such an irrelevant app from BOA. big shame!",1,2024-11-04,Bank of Abyssinia,Google Play Store
Okay,5,2024-11-03,Bank of Abyssinia,Google Play Store
Professional on banking app,5,2024-11-01,Bank of Abyssinia,Google Play Store
Has some nice interface but always freezes or slow to load .App developers please fix this issue.,3,2024-10-27,Bank of Abyssinia,Google Play Store
·ä†·ã≠·à∞·à´·àù ·ä†·àµ·â∞·ä´·ä≠·àâ·âµ,5,2024-10-26,Bank of Abyssinia,Google Play Store
Please try another because this app doesn't feet the need of this generation,1,2024-10-25,Bank of Abyssinia,Google Play Store
Fast transfer,5,2024-10-24,Bank of Abyssinia,Google Play Store
"What's up I can't log in, what's wrong",5,2024-10-22,Bank of Abyssinia,Google Play Store
Amrumehamed,1,2024-10-21,Bank of Abyssinia,Google Play Store
"Nice to meet you my proud bank in Ethiopia.. I'm a member of this bank, i need to solve my problem of international receiving money for me from my online digital working service's over the world please? I'm working a lot of international money.But i can't get direct in Ethiopia because of don't knowing the legal ways of getting money in Ethiopia please can I get and direct deposit with BoA please üôèüôèüôè?",5,2024-10-18,Bank of Abyssinia,Google Play Store
·ã∞·ã∞·åà·äê·àê,5,2024-10-15,Bank of Abyssinia,Google Play Store
"Terrible Bank Experience It‚Äôs unbelievable that with all the modern technology, this bank still struggles with even basic transactions. The app constantly crashes, services are limited, and every time I try to transfer money or load Telebirr, there‚Äôs a huge delay. I have to wait 5 days for failed transactions to be refunded! Even USSD is unreliable. They‚Äôve put me in embarrassing situations countless times, and customer care never fixes anything. I‚Äôve switched banks, and you should too!",1,2024-10-14,Bank of Abyssinia,Google Play Store
A painfully slow banking app service. Please don't make it your choice!,1,2024-10-13,Bank of Abyssinia,Google Play Store
Good App,4,2024-10-12,Bank of Abyssinia,Google Play Store
Best app to me,5,2024-10-11,Bank of Abyssinia,Google Play Store
BOA,5,2024-10-11,Bank of Abyssinia,Google Play Store
Abdulkadir,5,2024-10-11,Bank of Abyssinia,Google Play Store
Bad,1,2024-10-10,Bank of Abyssinia,Google Play Store
If it is possible I would gove0 star,1,2024-10-08,Bank of Abyssinia,Google Play Store
Nise mobile bankig,4,2024-10-05,Bank of Abyssinia,Google Play Store
Overall good app but performance needs some improvement also sometimes when using instant other bank transfers it refuses causing to be repeated several times to transfer,4,2024-10-04,Bank of Abyssinia,Google Play Store
Ok,5,2024-10-04,Bank of Abyssinia,Google Play Store
Just make it work pleaseü§£ this is embarrassing for a bank of your size,1,2024-10-04,Bank of Abyssinia,Google Play Store
Update to the simplest way it requires the developer option on and off why this is,5,2024-10-04,Bank of Abyssinia,Google Play Store
"Stop telling me what to do with my phone, BOA. Why does your newly updated app keep asking me to disable the developer options? I‚Äôm not slowing down my phone just to use your God damn app. ü§Æü§Æü§Æü§Æ",1,2024-10-04,Bank of Abyssinia,Google Play Store
I'm living out of country how may I download and use mobile banking? It asks me the Ethiopia phone number and I can't receive text to confirm because I'm out side the country. So please lete know if I can use while I'm outside the country. Thanks,1,2024-10-04,Bank of Abyssinia,Google Play Store
Worest app,1,2024-10-03,Bank of Abyssinia,Google Play Store
The worest app ever,1,2024-10-03,Bank of Abyssinia,Google Play Store
·ä†·à™·çç ·äê·ãç ·â†·à≠·â±·àç·äï,5,2024-10-03,Bank of Abyssinia,Google Play Store
Wwwerrr,5,2024-10-02,Bank of Abyssinia,Google Play Store
·åÄ·àõ·àç ·ãç·âÄ·â±,5,2024-09-30,Bank of Abyssinia,Google Play Store
Great For Financial company,5,2024-09-30,Bank of Abyssinia,Google Play Store
Very easy to use,5,2024-09-30,Bank of Abyssinia,Google Play Store
The App's crash always.. Error.....,3,2024-09-27,Bank of Abyssinia,Google Play Store
This app is incredibly frustrating to use. It‚Äôs filled with issues that make it difficult to navigate and complete tasks efficiently. I‚Äôve never encountered such a poorly designed banking application before. It needs significant improvements to enhance user experience. It deserves a vey low rating.,1,2024-09-26,Bank of Abyssinia,Google Play Store
Great UI and seamless UX. I love it!!,5,2024-09-25,Bank of Abyssinia,Google Play Store
That's too good application but try to add more alternatives and futures or possibilitys for your customers,3,2024-09-25,Bank of Abyssinia,Google Play Store
It's easy used to operate program and secured üëçüëç,4,2024-09-25,Bank of Abyssinia,Google Play Store
I bought a mobile card on this app but I didn't receive it and it took my money and I didn't get my money back.,1,2024-09-21,Bank of Abyssinia,Google Play Store
Amazing,5,2024-09-19,Bank of Abyssinia,Google Play Store
Great app with great services,5,2024-09-19,Bank of Abyssinia,Google Play Store
Yes active user,5,2024-09-17,Bank of Abyssinia,Google Play Store
Shameful,1,2024-09-17,Bank of Abyssinia,Google Play Store
The worest app ever made i would not recommende for no one,1,2024-09-16,Bank of Abyssinia,Google Play Store
Good application,5,2024-09-16,Bank of Abyssinia,Google Play Store
I like,5,2024-09-16,Bank of Abyssinia,Google Play Store
"How many hours should I wait after transferring money to telebirr, please do something about the transfer delay issue I need my money when ever.",1,2024-09-15,Bank of Abyssinia,Google Play Store
"BOA is unreasonably holding and delaying transactions for more than a day, even transactions within the same bank itself. This is a huge gap that I observed in BOA mobile banking. I didn't experience this kind of challenge while having transactions in other banks' mobile banking platforms. After waiting so long, I called your customer support team and the response they gave me was ""it was the system that holds the transaction & will be released on working days"". This is not totally fair.",1,2024-09-15,Bank of Abyssinia,Google Play Store
·ã®·ä•·à≠·àµ·ãé·äï ·â∞·àû·ä≠·àÆ ·ã≠·åç·àà·åπ (·ä†·àõ·à´·å≠),5,2024-09-14,Bank of Abyssinia,Google Play Store
It's not working. It needs a big update. Can't you update the app quickly?,1,2024-09-14,Bank of Abyssinia,Google Play Store
"I am Aimohon Joel , It's can be Good for a Better Conversation in Time üôÇ",3,2024-09-14,Bank of Abyssinia,Google Play Store
"Better app than most mobile apps, but why do I have to turn off developer option every time I wanna use the app?? It's annoying.",1,2024-09-13,Bank of Abyssinia,Google Play Store
Bes and freindly app,5,2024-09-13,Bank of Abyssinia,Google Play Store
It doesn't work.,1,2024-09-12,Bank of Abyssinia,Google Play Store
"It say ""The request was not successful. please check device connectivity or try again"" why? One of the bank manager told me it is because of my phone's android version which is 9.1 It is ridiculous! Disappointing",1,2024-09-11,Bank of Abyssinia,Google Play Store
How to download or screenshot of payment receipt...what kinda worst app ever ü§Æü§Æü§¢,1,2024-09-11,Bank of Abyssinia,Google Play Store
Smart technology,5,2024-09-10,Bank of Abyssinia,Google Play Store
Yegema app tishü™®,1,2024-09-08,Bank of Abyssinia,Google Play Store
"This is not an appropriate app, i don't know how boa develops this app, i don't expect this much crazy and un confortable app form BOA, I'm soory!!!",1,2024-09-07,Bank of Abyssinia,Google Play Store
"Shockingly bad! Even when it decides to work, it's painfully slow and frustrating. Such a shame that it has become a stain on an extraordinary bank",1,2024-09-06,Bank of Abyssinia,Google Play Store
"It crashes frequently. It launches on Android 8.1 but I don't think it actually works on versions less than 10. If so, it shouldn't be available for download by such devices to begin with, like many other finance apps are not. It was so much better three months ago, upgrades should be for the better.",1,2024-09-06,Bank of Abyssinia,Google Play Store
Awesome application. But lately its crashing everytime i opened it.,4,2024-09-05,Bank of Abyssinia,Google Play Store
·ä•·åÖ·àù ·â†·å£·àù ·ã∞·ä´·àõ ·ä†·çï ·äê·ãç ·à≤·çà·àç·åç ·ã≠·ä®·çç·â≥·àç ·à≤·çà·àç·åç ·ä†·ã≠·ä®·çç·âµ·àù ·ä®·ä†·ãã·àΩ ·ä•·äì ·äï·åç·ãµ ·â£·äï·ä≠ ·ã®·àò·à≥·à∞·àâ ·â£·äï·äÆ·âΩ ·à≤·ãà·ã≥·ã∞·à≠ ·àû·â£·ã≠·àç ·â£·äï·ä™·äï·åç App ·ä•·åÖ·åç ·ã®·àö·ã´·â†·à≥·å≠ ·äê·ãç ·àà·ãç·å• ·ã´·àµ·çà·àç·åã·âΩ·äã·àç,1,2024-09-05,Bank of Abyssinia,Google Play Store
Fast one,3,2024-09-04,Bank of Abyssinia,Google Play Store
Nice looking app but a terrible user experience.,1,2024-09-03,Bank of Abyssinia,Google Play Store
The worest MB app ever!!üôÑ,1,2024-09-02,Bank of Abyssinia,Google Play Store
It is ok,5,2024-09-01,Bank of Abyssinia,Google Play Store
Plz fix the Apps ....screenshot lovation hide from glarey share botten not worküòîüòî,1,2024-08-30,Bank of Abyssinia,Google Play Store
Apollo's,1,2024-08-29,Bank of Abyssinia,Google Play Store
The worst experience ever,1,2024-08-29,Bank of Abyssinia,Google Play Store
Hussenaliumar,5,2024-08-29,Bank of Abyssinia,Google Play Store
Hi I have problem with this App BOA mobile I don't know what is wrong with this App I did many times download but it's sam doesn't work if sam like that this app way I have to be customer with them how I know my account and checking save The book is no Not enough alone,1,2024-08-28,Bank of Abyssinia,Google Play Store
It is not work for my device,5,2024-08-27,Bank of Abyssinia,Google Play Store
"I'm Sick and tiered of enabling and disabling Developer Option Everytime I use this app. maybe you know it maybe you dont, fix it please it's anoying",1,2024-08-26,Bank of Abyssinia,Google Play Store
The worst app ever,1,2024-08-26,Bank of Abyssinia,Google Play Store
Betanya Gebre,3,2024-08-23,Bank of Abyssinia,Google Play Store
I dont recommand it to any one,1,2024-08-23,Bank of Abyssinia,Google Play Store
Excellent app,5,2024-08-21,Bank of Abyssinia,Google Play Store
"The application used to work well. But after updates I'm not able to use the forgot password feature, which is blocking me from accessing it as a whole.",1,2024-08-20,Bank of Abyssinia,Google Play Store
·âµ·à≠·àÉ·àµ,5,2024-08-19,Bank of Abyssinia,Google Play Store
Gio,4,2024-08-19,Bank of Abyssinia,Google Play Store
App isn't working,1,2024-08-18,Bank of Abyssinia,Google Play Store
so far good but always it lugs,3,2024-08-17,Bank of Abyssinia,Google Play Store
Don't trust this bank and its service.,1,2024-08-16,Bank of Abyssinia,Google Play Store
"I can not open and use the application,please help me!",5,2024-08-15,Bank of Abyssinia,Google Play Store
Horrible,1,2024-08-14,Bank of Abyssinia,Google Play Store
Mostly not working üòë,1,2024-08-14,Bank of Abyssinia,Google Play Store
Awesome üëå,5,2024-08-12,Bank of Abyssinia,Google Play Store
"Despite the enhanced technology you have, the application doesn't work properly, and it asks for the developer option to be turned off, fix that.",3,2024-08-12,Bank of Abyssinia,Google Play Store
Very poor app b/c highly slow to open the app,1,2024-08-12,Bank of Abyssinia,Google Play Store
Wedi Tekle .,5,2024-08-11,Bank of Abyssinia,Google Play Store
Bad appüì±üëéüëéüëé,1,2024-08-11,Bank of Abyssinia,Google Play Store
Dura nan fayyadaman ture amma garuu naaf hojjechaa hin jiru maaf?,5,2024-08-11,Bank of Abyssinia,Google Play Store
Nice appp,5,2024-08-11,Bank of Abyssinia,Google Play Store
·à∞·àã·àù ·ä†·â¢·à≤·äí·ã´·ãé·âΩ ·ã®·àû·â£·ã≠·àç ·â£·äï·ä™·äï·åã·âΩ·àÅ ·â∞·å†·âÉ·àö ·äê·äù ·ä†·åà·àç·åç·àé·â±·äï ·àµ·àã·àµ·åÄ·àò·à´·âΩ·àÅ·àà·äï ·ä•·äì·àò·à∞·åç·äì·àà·äï·ç¢ ·äê·åà·à≠ ·åç·äï ·ä†·àà·çé ·ä†·àç·çé ·ã®·äê·â†·à®·ãç ·ã®·àõ·àµ·çà·äï·å†·à™·ã´·ãç ·â†·ä†·åç·â£·â° ·ä†·àà·àò·àµ·à´·âµ ·ä†·àç·çé ·ä†·àç·çé ·ãà·ã∞·àò·àµ·à´·âµ ·â∞·âÄ·ã≠·àØ·àç ·ãµ·àÆ ·ä•·äï·ã∞·äê·â†·à´·âΩ·àÅ ·ä•·äì·ãç·âÉ·àà·äï ·ãò·äï·ãµ·àÆ·àù ·â•·âµ·äñ·à©·àç·äï ·ä•·äï·àò·à≠·å£·àà·äï *·ä®·ãò·àò·äï ·ä†·äï·åâ·ã∞·àç*,3,2024-08-10,Bank of Abyssinia,Google Play Store
Gooood app my dear,5,2024-08-10,Bank of Abyssinia,Google Play Store
Harun tamam galanaa,3,2024-08-09,Bank of Abyssinia,Google Play Store
"A total disaster of an app. Always offline, never works, it's embarassing. I've lost hope and taken my business to a competitor",1,2024-08-08,Bank of Abyssinia,Google Play Store
Gamebela,1,2024-08-08,Bank of Abyssinia,Google Play Store
so poor app to use can't start up when open the app,1,2024-08-08,Bank of Abyssinia,Google Play Store
"This app takes too long time to be opened. And even it is not working simply as other banks application. Why this app does not give a digital invoice. Even, I am not able to find where the screeshot is kept after transaction. So, please the developer should fix all these.",1,2024-08-07,Bank of Abyssinia,Google Play Store
Good job,5,2024-08-07,Bank of Abyssinia,Google Play Store
"Worst app ever, not user friendly, even doesn't serve basic functionality correctly, takes to much time to login and navigate through the app, we expected more from this bank",1,2024-08-07,Bank of Abyssinia,Google Play Store
Bad app .,1,2024-08-06,Bank of Abyssinia,Google Play Store
"I mean how could a big financial company like this, be this much irresponsible to release this app? You should be ashamed!",1,2024-08-06,Bank of Abyssinia,Google Play Store
Review,5,2024-08-06,Bank of Abyssinia,Google Play Store
Goood,4,2024-08-06,Bank of Abyssinia,Google Play Store
üëéüëéüëéüëéüëéüëéüëéüëéüëé,1,2024-08-06,Bank of Abyssinia,Google Play Store
Is it necessary to switch off developer options every time to use mobile banking?ü§îü§îüò°üò°üò°,1,2024-08-04,Bank of Abyssinia,Google Play Store
The previous version is better it doesn't work,1,2024-08-04,Bank of Abyssinia,Google Play Store
"I don't know what is wrong with BOA as a bank in general. It's been going backwards since last year or so. The app is a disaster to use in every possible way. Not stable to log in and very slow to perform transactions, couldn't take a screenshot (or can't even find the pictures even using its save screenshot option). Most of the time, it fails to perform transactions and so on. Simply, it's the worst!",1,2024-08-03,Bank of Abyssinia,Google Play Store
ok,5,2024-08-03,Bank of Abyssinia,Google Play Store
"Take some note from CBE mobile banking app, it's the best banking app currently take some note and improve ur app . Sometimes u have to learn from the bests üôå",1,2024-08-03,Bank of Abyssinia,Google Play Store
It's a useless app,1,2024-08-02,Bank of Abyssinia,Google Play Store
"It's not working as it was , so much need to improve, it was the best but not anymore",2,2024-08-01,Bank of Abyssinia,Google Play Store
Poor network,1,2024-08-01,Bank of Abyssinia,Google Play Store
Not yet completely working this App. i don't know when is it will be working properly! Its Sad!!!,1,2024-07-31,Bank of Abyssinia,Google Play Store
The app does not open sometimes it says coonection issue which i dont have and after it opens it has bugs while using its not smooth to work with please improve it,1,2024-07-31,Bank of Abyssinia,Google Play Store
"It's not working totally, what a useless app is it,",1,2024-07-31,Bank of Abyssinia,Google Play Store
"This app has become the most troubling every day. It doesn't work. I love the bank, and I hate the app",1,2024-07-31,Bank of Abyssinia,Google Play Store
this is so disappointing app üòû,1,2024-07-31,Bank of Abyssinia,Google Play Store
·ä†·â¢·àµ·äí·ã´ ·ã®·àÅ·àâ·àù ·àù·à≠·å´,5,2024-07-29,Bank of Abyssinia,Google Play Store
Nays,5,2024-07-28,Bank of Abyssinia,Google Play Store
The worst app,1,2024-07-28,Bank of Abyssinia,Google Play Store
it can't even open and only display error messages,1,2024-07-27,Bank of Abyssinia,Google Play Store
not active,1,2024-07-27,Bank of Abyssinia,Google Play Store
To get good quality,5,2024-07-27,Bank of Abyssinia,Google Play Store
·ä†·ã≠·à∞·à´·àù ·ä•·äÆ ·àù·äï·ãµ·äï ·äê·ãç ·âΩ·åç·à©?,1,2024-07-26,Bank of Abyssinia,Google Play Store
uselss app dont download,1,2024-07-26,Bank of Abyssinia,Google Play Store
"Is this app fake i try it not working it say please try again later, unable to make transactions what is the purpose of this app . If it is not working delete it",1,2024-07-25,Bank of Abyssinia,Google Play Store
"This app didn't work. They have a new version (new app) but still not compatible with my Samsung S8+ , which is v.funny.",1,2024-07-25,Bank of Abyssinia,Google Play Store
Corrupted and poor app,1,2024-07-24,Bank of Abyssinia,Google Play Store
When I try to use the application it says 'developer setting should be off' where is the setting to off this play Still doesn't work for me,3,2024-07-24,Bank of Abyssinia,Google Play Store
FIX YOUR Apollo!! You guys where the best üëå,1,2024-07-23,Bank of Abyssinia,Google Play Store
Always slow and doesn't work on weekends if you are in a rush or a merchant this app is not for you,1,2024-07-23,Bank of Abyssinia,Google Play Store
"It's very difficult to use the user, app,ones dawenload the user can't operate well , no one can help me,",1,2024-07-23,Bank of Abyssinia,Google Play Store
Poor application. It turned off by itself,1,2024-07-23,Bank of Abyssinia,Google Play Store
Allowed,5,2024-07-23,Bank of Abyssinia,Google Play Store
It usually crashes and the reason it gives is a problem on internet connection although the internet was fine.,1,2024-07-23,Bank of Abyssinia,Google Play Store
we want international mobile banking,1,2024-07-22,Bank of Abyssinia,Google Play Store
"screenshot isn't working, Please modify it",2,2024-07-22,Bank of Abyssinia,Google Play Store
Naziriet measho 89160437,1,2024-07-22,Bank of Abyssinia,Google Play Store
Ahmed Mohammed husen,3,2024-07-21,Bank of Abyssinia,Google Play Store
Is not working both this one and apollo did u make it better pls am gonne stop using this bank because of the mobile banking,1,2024-07-19,Bank of Abyssinia,Google Play Store
I have experiance,5,2024-07-19,Bank of Abyssinia,Google Play Store
The App is not working on Android 9.1 at all. It shows an error notification and forcefully closes the app. Must be fixed ASAP.,1,2024-07-19,Bank of Abyssinia,Google Play Store
Crashes very frequently is not stable overall need improvement such a huge bank needs a better app than the current one,1,2024-07-19,Bank of Abyssinia,Google Play Store
·à≠·ã≠·à≠·çç,3,2024-07-19,Bank of Abyssinia,Google Play Store
The previous application is much better than this one,1,2024-07-18,Bank of Abyssinia,Google Play Store
"Worst app. It is wise to invest money and you can make it like CBE app. Even the incon has no image. My app has better UI than yours. So, please invest more and hire professional developer companies and improve it.",1,2024-07-18,Bank of Abyssinia,Google Play Store
mal,5,2024-07-16,Bank of Abyssinia,Google Play Store
It is not working at all,1,2024-07-16,Bank of Abyssinia,Google Play Store
Excellent,5,2024-07-16,Bank of Abyssinia,Google Play Store
The poorest mobile banking survice ever. Only error reports frequently,1,2024-07-16,Bank of Abyssinia,Google Play Store
üòûüòûüòûüòû,1,2024-07-16,Bank of Abyssinia,Google Play Store
üò°üò°üò°üò°üò°üò°üò°,1,2024-07-15,Bank of Abyssinia,Google Play Store
The worst banking app,1,2024-07-15,Bank of Abyssinia,Google Play Store
The app is constantly crashing and freezing when to send to BOA customers' accounts.,1,2024-07-15,Bank of Abyssinia,Google Play Store
No work app,5,2024-07-15,Bank of Abyssinia,Google Play Store
Is ok but stop sundenly,5,2024-07-15,Bank of Abyssinia,Google Play Store
ü§∑ü§∑ü§∑,3,2024-07-15,Bank of Abyssinia,Google Play Store
experienced,5,2024-07-14,Bank of Abyssinia,Google Play Store
Very poor app. Its Always cresh and not compatible,2,2024-07-13,Bank of Abyssinia,Google Play Store
"It's not functional at all. It keeps saying ""error"". Unable to activate.",1,2024-07-13,Bank of Abyssinia,Google Play Store
I can't believe that Abyssinia develop this kind of trash app it have a lot of issues üëéüëéüëé,1,2024-07-13,Bank of Abyssinia,Google Play Store
The new app is very good,5,2024-07-13,Bank of Abyssinia,Google Play Store
It's very good but sometimes isn't work probably,5,2024-07-12,Bank of Abyssinia,Google Play Store
It doesn't work,1,2024-07-12,Bank of Abyssinia,Google Play Store
·å≠·à´·àΩ ·ä†·ã≠·äê·çã·àù,1,2024-07-12,Bank of Abyssinia,Google Play Store
"This is the most stupid app I've seen, why would I turn off developer mode just because you can't make your app secure, this clearly indicates the app has very poor implementation and unskilled developers.. There are a lot of people who need developer option for different reasons. Please for the sake of the bank, fix this thing... Even the most secure international banking apps don't require it. Not to mention the lag and crashes",1,2024-07-12,Bank of Abyssinia,Google Play Store
The worst mobile banking app,1,2024-07-11,Bank of Abyssinia,Google Play Store
It is not fast,3,2024-07-11,Bank of Abyssinia,Google Play Store
Useless,1,2024-07-11,Bank of Abyssinia,Google Play Store
The app keeps crashing it stops responding while I'm using it or trying to open the app. Now I have to go to the bank in person to do any banking activities. In short it is the worst mobile banking system in Ethiopia,1,2024-07-11,Bank of Abyssinia,Google Play Store
·àÄ·ã®,5,2024-07-10,Bank of Abyssinia,Google Play Store
Too late!,1,2024-07-10,Bank of Abyssinia,Google Play Store
No work,5,2024-07-10,Bank of Abyssinia,Google Play Store
"Pretty good for a banking app, it still lacks some things with in the ui and with the speed of the app but overall it's a good application. Thank you 5/5üëçüèª",5,2024-07-09,Bank of Abyssinia,Google Play Store
After update it doesn't work well,2,2024-07-09,Bank of Abyssinia,Google Play Store
Error occurred try again for 5 days tele birr user not found ·àà·à´·à¥ ·ä†·ãù·ã§,1,2024-07-08,Bank of Abyssinia,Google Play Store
Good but Very slow.,1,2024-07-08,Bank of Abyssinia,Google Play Store
Very good app,5,2024-07-07,Bank of Abyssinia,Google Play Store
"It is so bad apps ,it doesn't work",1,2024-07-06,Bank of Abyssinia,Google Play Store
"From now on I will never going to use this app,It is a trash app.No one care about this app from bank I will rate them 0/5.",1,2024-07-06,Bank of Abyssinia,Google Play Store
It usually crashes and unable to process also it request to off the developer options,1,2024-07-05,Bank of Abyssinia,Google Play Store
Miliyone.,5,2024-07-05,Bank of Abyssinia,Google Play Store
Workneh girmamo,5,2024-07-05,Bank of Abyssinia,Google Play Store
üôèüôèüôè,5,2024-07-05,Bank of Abyssinia,Google Play Store
"I can't believe in this day and age, one of the major banks of the country can't seem to understand that having a working mobile payment option is a **MUST** to survive. I have decided to move my accounts to CBE and Awash because of this. Can't be bothered with this useless app.",1,2024-07-04,Bank of Abyssinia,Google Play Store
Is it even working these days? Please check it.,1,2024-07-04,Bank of Abyssinia,Google Play Store
"The app is essentially unusable, it asks to disable developer mode even when it is already disabled and crashes, sometimes it only works with wifi and sometimes only with data, or it crashes just because.......",1,2024-07-04,Bank of Abyssinia,Google Play Store
Please make it functional.,5,2024-07-03,Bank of Abyssinia,Google Play Store
its best app but its don't working in poor connection area so,5,2024-07-03,Bank of Abyssinia,Google Play Store
Please Recover thank you,5,2024-07-02,Bank of Abyssinia,Google Play Store
This app doesn't work,1,2024-06-30,Bank of Abyssinia,Google Play Store
"the app used to run fine, but now it takes like forever to even open the main dashboard and sometimes it just crashes on its own. you guys gotta step it up. we need this app to be way faster",1,2024-06-27,Bank of Abyssinia,Google Play Store
the underrated app I've ever seen and ur banking system is Soo Idiocracy,1,2024-06-27,Bank of Abyssinia,Google Play Store
It demands to disable developer option.,1,2024-06-27,Bank of Abyssinia,Google Play Store
"It's been two months now, I cannot do any transaction using this app. It's really disappointing. I am using bank of Abyssinia currently because it's the nearest bank to my work place. The bank is turning to the worst bank in the country day by day. They always respond to customers that they are updating their system all year long, I think that's what they train their customer service operators to do.",1,2024-06-26,Bank of Abyssinia,Google Play Store
Open Open service,5,2024-06-26,Bank of Abyssinia,Google Play Store
·ä†·çë ·â†·å£·àù ·ä†·àµ·â∏·åã·à™ ·àÜ·äó·àç,1,2024-06-25,Bank of Abyssinia,Google Play Store
Its not working.,1,2024-06-24,Bank of Abyssinia,Google Play Store
"Riddled with crashes, cant use it anymore. Very frustrating!",1,2024-06-20,Bank of Abyssinia,Google Play Store
Always error occured. The worst app ever,1,2024-06-20,Bank of Abyssinia,Google Play Store
·ä®·ãö·àÖ ·âµ·àç·âÖ ·â£·äï·ä≠ ·ã®·àõ·ã≠·å†·â†·âÖ ·ãµ·äï·ãù·ãù·ãù·ãù ·ã´·àà App.... ·ãõ·åç·åç·åç ·äê·ãç ·ã´·à®·åà·äù üò°üò°üò°,1,2024-06-20,Bank of Abyssinia,Google Play Store
Excellent service,5,2024-06-19,Bank of Abyssinia,Google Play Store
It's not convenient,1,2024-06-17,Bank of Abyssinia,Google Play Store
meskelu Metku,5,2024-06-17,Bank of Abyssinia,Google Play Store
Verry nice,5,2024-06-17,Bank of Abyssinia,Google Play Store
It has become the most unreliable mibile banking app ever.,1,2024-06-16,Bank of Abyssinia,Google Play Store
"·ä†·äò·àç·ä¨·àΩ·äë ·â†·àÅ·àâ·àù ·äê·åà·à≠ ·å•·à© ·äê·ãâ,·äê·åà·à≠ ·åç·äï Network ·â†·å£·àù ·äê·ãâ ·ä•·àö·ã´·àµ·â∏·åà·à®·ãç",2,2024-06-13,Bank of Abyssinia,Google Play Store
The poorest mobile banking I have seen in the industry. Is not stable to login and post transactions. Is not attractive. Error reports frequently.,5,2024-06-13,Bank of Abyssinia,Google Play Store
üëçüëçüëç,5,2024-06-12,Bank of Abyssinia,Google Play Store
Really Bank,5,2024-06-12,Bank of Abyssinia,Google Play Store
I like the the bank of Abyssinia is the best first bank of Ethiopia,1,2024-06-11,Bank of Abyssinia,Google Play Store
The app is not good need a few work,3,2024-06-11,Bank of Abyssinia,Google Play Store
"The worst mob app i have ever seen. Slow, uncomfortable and stupid. It is better to learn from the best app (tele birr). The released updates is even worst.",1,2024-06-11,Bank of Abyssinia,Google Play Store
"Unreliable, expensive service. Most of the time, it is not working. Sometimes, it will take more than a day to complete transactions and charges more for this unworthy service. I will not recommend this bank app to anyone.",1,2024-06-10,Bank of Abyssinia,Google Play Store
excellent service,5,2024-06-10,Bank of Abyssinia,Google Play Store
You are beutiful,5,2024-06-09,Bank of Abyssinia,Google Play Store
The best app,5,2024-06-06,Bank of Abyssinia,Google Play Store
·ä†·ã≠·à∞·à´·àù ·ä†·çë ·àà·àù·äï·ãµ·äê·ãç,1,2024-06-06,Bank of Abyssinia,Google Play Store
Awful,1,2024-06-06,Bank of Abyssinia,Google Play Store
Developer option to be off really,1,2024-06-06,Bank of Abyssinia,Google Play Store
Good app boa,5,2024-06-06,Bank of Abyssinia,Google Play Store
I'm disappointed with the recent changes to this app. Disabling developer options for functionality seems unnecessary. The previous version offered a more user-friendly experience.,1,2024-06-06,Bank of Abyssinia,Google Play Store
"Worest app, it cannot be downloaded",2,2024-06-05,Bank of Abyssinia,Google Play Store
üò≠üò≠üò≠üò≠üò≠üò≠üò≠,1,2024-06-05,Bank of Abyssinia,Google Play Store
